occ_code,occ_title,major_code,automation_prob,score_source,education_req,emp_cagr,emp_trend_risk,ai_exposure_score,ai_exposure_raw,wage_cagr,real_wage_growth,wage_stagnation_risk,risk_index
11-1011,Chief Executives,11,0.015,actual,Bachelor's degree,0.006322817963420713,0.41504178272980496,0.7866666666666666,4.1466666666666665,0.04349558666079778,0.008495586660797777,0.22689075630252098,0.3197086366580058
11-1011,Chief Executives,11,0.015,actual,Bachelor's degree,0.006322817963420713,0.41504178272980496,0.7183333333333333,3.873333333333333,0.04349558666079778,0.008495586660797777,0.22689075630252098,0.30262530332467247
11-1021,General and Operations Managers,11,0.16,actual,Bachelor's degree,0.06262169737611623,0.0348189415041783,0.7550000000000001,4.0200000000000005,0.012291625817059115,-0.022708374182940888,0.9635854341736695,0.4042516034268861
11-2011,Advertising and Promotions Managers,11,0.039,actual,Bachelor's degree,-0.02295605026545866,0.7270194986072424,0.59,3.36,0.021330531932176378,-0.013669468067823626,0.8977591036414566,0.443167765267667
11-2021,Marketing Managers,11,0.014,actual,Bachelor's degree,0.07358469157141223,0.02228412256267409,0.5924999999999999,3.3699999999999997,0.027283660592241743,-0.00771633940775826,0.773109243697479,0.27414821106715664
11-2022,Sales Managers,11,0.013,actual,Bachelor's degree,0.07699558841109866,0.02089136490250698,0.7016666666666667,3.8066666666666666,0.022838724005638245,-0.012161275994361759,0.8781512605042017,0.3165176287227983
11-2032,Public Relations Managers,11,0.03,imputed,,,0.5,0.5,,,,0.5,0.312
11-2033,Fundraising Managers,11,0.03,imputed,,,0.5,0.6841666666666666,3.7366666666666664,,,0.5,0.35804166666666665
11-3012,Administrative Services Managers,11,0.03,imputed,,,0.5,0.685,3.74,,,0.5,0.35825
11-3013,Facilities Managers,11,0.03,imputed,,,0.5,0.6966666666666667,3.7866666666666666,,,0.5,0.3611666666666667
11-3013,Facilities Managers,11,0.03,imputed,,,0.5,0.7591666666666665,4.036666666666666,,,0.5,0.3767916666666667
11-3021,Computer and Information Systems Managers,11,0.035,actual,Bachelor's degree,0.0799373786428903,0.01532033426183843,0.7124999999999999,3.8499999999999996,0.03322662927835851,-0.001773370721641493,0.5700280112044818,0.28069326853303994
11-3031,Financial Managers,11,0.069,actual,Bachelor's degree,0.04753272684334786,0.08356545961002781,0.7358333333333333,3.9433333333333334,0.03508010848963039,8.010848963038719e-05,0.49719887955182074,0.302851257188112
11-3031,Financial Managers,11,0.069,actual,Bachelor's degree,0.04753272684334786,0.08356545961002781,0.7916666666666667,4.166666666666667,0.03508010848963039,8.010848963038719e-05,0.49719887955182074,0.31680959052144536
11-3031,Financial Managers,11,0.069,actual,Bachelor's degree,0.04753272684334786,0.08356545961002781,0.7891666666666668,4.156666666666667,0.03508010848963039,8.010848963038719e-05,0.49719887955182074,0.3161845905214454
11-3051,Industrial Production Managers,11,0.03,actual,Bachelor's degree,0.04470457677881989,0.0919220055710307,0.6616666666666667,3.646666666666667,0.024356291126506058,-0.010643708873493946,0.8543417366946778,0.3239523282850745
11-3051,Industrial Production Managers,11,0.03,actual,Bachelor's degree,0.04470457677881989,0.0919220055710307,0.8858333333333333,4.543333333333333,0.024356291126506058,-0.010643708873493946,0.8543417366946778,0.37999399495174113
11-3051,Industrial Production Managers,11,0.03,actual,Bachelor's degree,0.04470457677881989,0.0919220055710307,0.6933333333333334,3.7733333333333334,0.024356291126506058,-0.010643708873493946,0.8543417366946778,0.33186899495174116
11-3051,Industrial Production Managers,11,0.03,actual,Bachelor's degree,0.04470457677881989,0.0919220055710307,0.6808333333333333,3.723333333333333,0.024356291126506058,-0.010643708873493946,0.8543417366946778,0.3287439949517411
11-3051,Industrial Production Managers,11,0.03,actual,Bachelor's degree,0.04470457677881989,0.0919220055710307,0.7658333333333334,4.0633333333333335,0.024356291126506058,-0.010643708873493946,0.8543417366946778,0.34999399495174116
11-3051,Industrial Production Managers,11,0.03,actual,Bachelor's degree,0.04470457677881989,0.0919220055710307,0.7158333333333333,3.8633333333333333,0.024356291126506058,-0.010643708873493946,0.8543417366946778,0.33749399495174115
11-3061,Purchasing Managers,11,0.03,actual,Bachelor's degree,0.028019100158381827,0.18802228412256272,0.7583333333333333,4.033333333333333,0.03175371937031901,-0.003246280629680992,0.623249299719888,0.33267518511582905
11-3071,"Transportation, Storage, and Distribution Managers",11,0.59,actual,High school diploma or equivalent,0.08517428976141539,0.013927576601671321,0.6708333333333334,3.6833333333333336,0.02421208754934856,-0.010787912450651443,0.8557422969187676,0.5348551931914828
11-3071,"Transportation, Storage, and Distribution Managers",11,0.59,actual,High school diploma or equivalent,0.08517428976141539,0.013927576601671321,0.6833333333333332,3.733333333333333,0.02421208754934856,-0.010787912450651443,0.8557422969187676,0.5379801931914827
11-3111,Compensation and Benefits Managers,11,0.96,actual,Bachelor's degree,0.05605357437359726,0.04874651810584962,0.7183333333333334,3.8733333333333335,0.029313308968915264,-0.00568669103108474,0.7156862745098039,0.6806855781309737
11-3121,Human Resources Managers,11,0.0055,actual,Bachelor's degree,0.06331362953654995,0.03064066852367686,0.7416666666666667,3.966666666666667,0.03775910872238053,0.0027591087223805266,0.3935574229691877,0.2527784138167802
11-3131,Training and Development Managers,11,0.0063,actual,Bachelor's degree,0.043396917006650826,0.09610027855153203,0.7441666666666666,3.9766666666666666,0.02867539856000456,-0.006324601439995442,0.7296918767507004,0.3172355038895781
11-9013,"Farmers, Ranchers, and Other Agricultural Managers",11,0.047,actual,High school diploma or equivalent,0.045199714712863104,0.08913649025069637,0.6491666666666668,3.596666666666667,0.03223613996462893,-0.002763860035371074,0.6134453781512605,0.29093577143949506
11-9021,Construction Managers,11,0.071,actual,Bachelor's degree,0.0455563197617439,0.08774373259052926,0.7374999999999999,3.9499999999999997,0.027130685119769238,-0.007869314880230766,0.7801120448179272,0.34734055324079494
11-9031,"Education and Childcare Administrators, Preschool and Daycare",11,0.015,actual,Bachelor's degree,0.05496010846512722,0.05153203342618384,0.5466666666666665,3.186666666666666,0.02641525225500585,-0.008584747744994153,0.7983193277310925,0.2727209725115673
11-9032,"Education Administrators, Kindergarten through Secondary",11,0.0046,actual,Master's degree,0.03213539679481614,0.1629526462395543,0.7591666666666665,4.036666666666666,0.023392333768646356,-0.011607666231353647,0.8711484593837535,0.35489446482214054
11-9033,"Education Administrators, Postsecondary",11,0.01,actual,Master's degree,0.03336118763774665,0.15320334261838442,0.685,3.74,0.018619529602668328,-0.016380470397331676,0.9299719887955182,0.34538646684300467
11-9039,"Education Administrators, All Other",11,0.03,imputed,,0.0432106676039643,0.09888579387186625,0.5,,0.018595277994233328,-0.016404722005766675,0.9313725490196079,0.29648304112731444
11-9041,Architectural and Engineering Managers,11,0.017,actual,Bachelor's degree,0.022656465671622605,0.2228412256267409,0.7166666666666667,3.8666666666666667,0.028650033966062027,-0.006349966033937976,0.7338935574229692,0.3406189454054602
11-9041,Architectural and Engineering Managers,11,0.017,actual,Bachelor's degree,0.022656465671622605,0.2228412256267409,0.8208333333333333,4.283333333333333,0.028650033966062027,-0.006349966033937976,0.7338935574229692,0.3666606120721269
11-9051,Food Service Managers,11,0.083,actual,High school diploma or equivalent,0.01211186304414813,0.35515320334261835,0.5666666666666668,3.266666666666667,0.034736492574202193,-0.00026350742579780984,0.5126050420168067,0.3227880636377114
11-9071,Gambling Managers,11,0.091,actual,High school diploma or equivalent,0.022653488603723737,0.22423398328690802,0.6875,3.75,0.02744249453058689,-0.007557505469413112,0.7661064425770308,0.3680377630439362
11-9072,"Entertainment and Recreation Managers, Except Gambling",11,0.03,imputed,,,0.5,0.6066666666666668,3.426666666666667,,,0.5,0.3386666666666667
11-9081,Lodging Managers,11,0.0039,actual,High school diploma or equivalent,0.020209395995133717,0.24651810584958223,0.6183333333333333,3.473333333333333,0.03409278114589265,-0.0009072188541073556,0.5336134453781513,0.2854889713099725
11-9111,Medical and Health Services Managers,11,0.0073,actual,Bachelor's degree,0.06965570783453723,0.02506963788300831,0.81,4.24,0.031149571882967075,-0.003850428117032928,0.6498599439775911,0.3079129191732403
11-9121,Natural Sciences Managers,11,0.018,actual,Bachelor's degree,0.0879134640516197,0.00974930362116988,0.8400000000000001,4.36,0.0370988425642893,0.0020988425642892994,0.4159663865546218,0.28154481870742726
11-9121,Natural Sciences Managers,11,0.018,actual,Bachelor's degree,0.0879134640516197,0.00974930362116988,0.7050000000000001,3.8200000000000003,0.0370988425642893,0.0020988425642892994,0.4159663865546218,0.24779481870742728
11-9121,Natural Sciences Managers,11,0.018,actual,Bachelor's degree,0.0879134640516197,0.00974930362116988,0.7849999999999999,4.14,0.0370988425642893,0.0020988425642892994,0.4159663865546218,0.2677948187074272
11-9131,Postmasters and Mail Superintendents,11,0.75,actual,High school diploma or equivalent,0.00041446510702836115,0.4874651810584958,0.7016666666666667,3.8066666666666666,0.03400697931464802,-0.0009930206853519807,0.5378151260504201,0.6535819717859288
11-9141,"Property, Real Estate, and Community Association Managers",11,0.81,actual,High school diploma or equivalent,0.06326108325073854,0.03342618384401119,0.6266666666666666,3.5066666666666664,0.022309410908889937,-0.012690589091110066,0.8851540616246498,0.6201250126791664
11-9151,Social and Community Service Managers,11,0.0067,actual,Bachelor's degree,0.0488924675092679,0.07242339832869082,0.6616666666666666,3.6466666666666665,0.031222493195975032,-0.0037775068040249715,0.6470588235294117,0.27964016986181656
11-9161,Emergency Management Directors,11,0.003,actual,Bachelor's degree,0.05069283574596106,0.06267409470752094,0.735,3.94,0.03125500554316196,-0.003744994456838041,0.6414565826330532,0.29370330633646213
11-9171,Funeral Home Managers,11,0.03,imputed,,,0.5,0.7208333333333333,3.8833333333333333,,,0.5,0.36720833333333336
11-9179,"Personal Service Managers, All Other",11,0.03,imputed,,,0.5,0.5724999999999999,3.2899999999999996,,,0.5,0.330125
11-9179,"Personal Service Managers, All Other",11,0.03,imputed,,,0.5,0.6358333333333333,3.543333333333333,,,0.5,0.3459583333333333
11-9199,"Managers, All Other",11,0.25,actual,Bachelor's degree,0.04317223709051721,0.10027855153203347,0.8158333333333332,4.263333333333333,0.04173134911050069,0.0067313491105006895,0.27030812324929976,0.364560262127135
11-9199,"Managers, All Other",11,0.25,actual,Bachelor's degree,0.04317223709051721,0.10027855153203347,0.8125,4.25,0.04173134911050069,0.0067313491105006895,0.27030812324929976,0.36372692879380164
11-9199,"Managers, All Other",11,0.25,actual,Bachelor's degree,0.04317223709051721,0.10027855153203347,0.7558333333333334,4.023333333333333,0.04173134911050069,0.0067313491105006895,0.27030812324929976,0.349560262127135
11-9199,"Managers, All Other",11,0.25,actual,Bachelor's degree,0.04317223709051721,0.10027855153203347,0.7283333333333334,3.9133333333333336,0.04173134911050069,0.0067313491105006895,0.27030812324929976,0.342685262127135
11-9199,"Managers, All Other",11,0.25,actual,Bachelor's degree,0.04317223709051721,0.10027855153203347,0.6866666666666666,3.7466666666666666,0.04173134911050069,0.0067313491105006895,0.27030812324929976,0.33226859546046833
11-9199,"Managers, All Other",11,0.25,actual,Bachelor's degree,0.04317223709051721,0.10027855153203347,0.7683333333333333,4.073333333333333,0.04173134911050069,0.0067313491105006895,0.27030812324929976,0.352685262127135
13-1011,"Agents and Business Managers of Artists, Performers, and Athletes",13,0.24,actual,Bachelor's degree,-0.022789072308729064,0.7256267409470751,0.4091666666666667,2.6366666666666667,0.06529692603001647,0.030296926030016463,0.014005602240896309,0.3455178551922161
13-1031,"Claims Adjusters, Examiners, and Investigators",13,0.98,actual,High school diploma or equivalent,0.017207893229957083,0.2827298050139275,0.7866666666666666,4.1466666666666665,0.025339205342395532,-0.009660794657604471,0.8207282913165266,0.7683218713669312
13-1032,"Insurance Appraisers, Auto Damage",13,0.98,actual,Postsecondary nondegree award,-0.03835158334754585,0.8342618384401115,0.7549999999999999,4.02,0.026924431496389234,-0.00807556850361077,0.7871148459383753,0.8656695945787787
13-1041,Compliance Officers,13,0.08,actual,Bachelor's degree,0.04774416779384838,0.0821727019498607,0.815,4.26,0.028690962127364106,-0.0063090378726358975,0.7282913165266107,0.3614282378689637
13-1041,Compliance Officers,13,0.08,actual,Bachelor's degree,0.04774416779384838,0.0821727019498607,0.7583333333333333,4.033333333333333,0.028690962127364106,-0.0063090378726358975,0.7282913165266107,0.34726157120229706
13-1041,Compliance Officers,13,0.08,actual,Bachelor's degree,0.04774416779384838,0.0821727019498607,0.7908333333333333,4.163333333333333,0.028690962127364106,-0.0063090378726358975,0.7282913165266107,0.35538657120229705
13-1041,Compliance Officers,13,0.08,actual,Bachelor's degree,0.04774416779384838,0.0821727019498607,0.65,3.6,0.028690962127364106,-0.0063090378726358975,0.7282913165266107,0.32017823786896377
13-1041,Compliance Officers,13,0.08,actual,Bachelor's degree,0.04774416779384838,0.0821727019498607,0.8574999999999999,4.43,0.028690962127364106,-0.0063090378726358975,0.7282913165266107,0.3720532378689637
13-1041,Compliance Officers,13,0.08,actual,Bachelor's degree,0.04774416779384838,0.0821727019498607,0.6883333333333335,3.753333333333334,0.028690962127364106,-0.0063090378726358975,0.7282913165266107,0.3297615712022971
13-1041,Compliance Officers,13,0.08,actual,Bachelor's degree,0.04774416779384838,0.0821727019498607,0.7633333333333334,4.053333333333334,0.028690962127364106,-0.0063090378726358975,0.7282913165266107,0.3485115712022971
13-1051,Cost Estimators,13,0.57,actual,Bachelor's degree,0.008310054504015563,0.3941504178272981,0.7891666666666668,4.156666666666667,0.029407714759208226,-0.005592285240791778,0.711484593837535,0.6108444393077564
13-1071,Human Resources Specialists,13,0.57,imputed,,0.06329159859005462,0.03203342618384397,0.7008333333333333,3.8033333333333332,0.029725218560086697,-0.005274781439913306,0.6974789915966386,0.5142368673095978
13-1074,Farm Labor Contractors,13,0.97,actual,No formal educational credential,0.0646092679362511,0.029247910863509752,0.38583333333333336,2.5433333333333334,0.014322094667844398,-0.020677905332155605,0.9607843137254902,0.6344255625648587
13-1075,Labor Relations Specialists,13,0.57,imputed,,-0.02457332807439616,0.7367688022284122,0.6350000000000001,3.5400000000000005,0.04878369500814106,0.013783695008141056,0.12464985994397759,0.5528012394372792
13-1081,Logisticians,13,0.012,actual,Bachelor's degree,0.05742745992866438,0.04317548746518107,0.7324999999999999,3.9299999999999997,0.01885860237024861,-0.01614139762975139,0.9243697478991597,0.33521555967791017
13-1081,Logisticians,13,0.012,actual,Bachelor's degree,0.05742745992866438,0.04317548746518107,0.7291666666666666,3.9166666666666665,0.01885860237024861,-0.01614139762975139,0.9243697478991597,0.3343822263445768
13-1081,Logisticians,13,0.012,actual,Bachelor's degree,0.05742745992866438,0.04317548746518107,0.7941666666666667,4.176666666666667,0.01885860237024861,-0.01614139762975139,0.9243697478991597,0.3506322263445768
13-1082,Project Management Specialists,13,0.57,imputed,,,0.5,0.5,,,,0.5,0.5279999999999999
13-1111,Management Analysts,13,0.13,actual,Bachelor's degree,0.0395977486828909,0.11420612813370479,0.8,4.2,0.027062501073494838,-0.007937498926505165,0.7815126050420168,0.3920681163830435
13-1121,"Meeting, Convention, and Event Planners",13,0.037,actual,Bachelor's degree,0.037884930176334874,0.12395543175487467,0.6749999999999999,3.6999999999999997,0.03097447781372975,-0.004025522186270253,0.6526610644257703,0.30624024601484046
13-1131,Fundraisers,13,0.57,imputed,,0.05625573975208775,0.0473537604456824,0.71,3.84,0.032749886536351136,-0.0022501134636488673,0.5910364145658263,0.5036262142740104
13-1141,"Compensation, Benefits, and Job Analysis Specialists",13,0.47,actual,Bachelor's degree,0.043258174226033175,0.09749303621169914,0.7341666666666665,3.936666666666666,0.03141984079322779,-0.00358015920677221,0.6330532212885154,0.4859982571022838
13-1151,Training and Development Specialists,13,0.014,actual,Bachelor's degree,0.0668382745763878,0.026462395543175532,0.6725,3.69,0.021450096580113653,-0.01354990341988635,0.8935574229691877,0.31305109255401325
13-1161,Market Research Analysts and Marketing Specialists,13,0.61,actual,Bachelor's degree,0.05026180133834779,0.06685236768802227,0.8574999999999999,4.43,0.03369975767820321,-0.0013002423217967907,0.5476190476190477,0.5538883306804616
13-1161,Market Research Analysts and Marketing Specialists,13,0.61,actual,Bachelor's degree,0.05026180133834779,0.06685236768802227,0.7966666666666666,4.1866666666666665,0.03369975767820321,-0.0013002423217967907,0.5476190476190477,0.5386799973471282
13-1199,"Business Operations Specialists, All Other",13,0.23,actual,Bachelor's degree,0.003533151647104882,0.4442896935933147,0.7616666666666667,4.046666666666667,0.02893790585048306,-0.0060620941495169445,0.7254901960784313,0.48009813479709434
13-1199,"Business Operations Specialists, All Other",13,0.23,actual,Bachelor's degree,0.003533151647104882,0.4442896935933147,0.7641666666666667,4.056666666666667,0.02893790585048306,-0.0060620941495169445,0.7254901960784313,0.48072313479709433
13-1199,"Business Operations Specialists, All Other",13,0.23,actual,Bachelor's degree,0.003533151647104882,0.4442896935933147,0.6774999999999999,3.7099999999999995,0.02893790585048306,-0.0060620941495169445,0.7254901960784313,0.4590564681304276
13-1199,"Business Operations Specialists, All Other",13,0.23,actual,Bachelor's degree,0.003533151647104882,0.4442896935933147,0.7541666666666667,4.016666666666667,0.02893790585048306,-0.0060620941495169445,0.7254901960784313,0.47822313479709433
13-2011,Accountants and Auditors,13,0.94,actual,Bachelor's degree,0.02022502435083906,0.245125348189415,0.7991666666666666,4.196666666666666,0.026645240939768167,-0.008354759060231837,0.7927170868347339,0.7437242993297598
13-2031,Budget Analysts,13,0.94,actual,Bachelor's degree,-0.016034976015498525,0.66991643454039,0.7725,4.09,0.027264421918716808,-0.007735578081283195,0.7745098039215687,0.8192847574963134
13-2041,Credit Analysts,13,0.98,actual,Bachelor's degree,-0.021218353093432563,0.7200557103064067,0.7983333333333333,4.193333333333333,0.029463295202134976,-0.0055367047978650274,0.7058823529411764,0.8414768283357911
13-2051,Financial and Investment Analysts,13,0.23,actual,Bachelor's degree,0.024195279638844713,0.21309192200557103,0.5,,0.02099471912131401,-0.014005280878685994,0.9033613445378151,0.3951225860817865
13-2052,Personal Financial Advisors,13,0.58,actual,Bachelor's degree,0.04183466088442067,0.1044568245125348,0.8483333333333334,4.3933333333333335,0.0366569813166977,0.0016569813166976977,0.43137254901960786,0.5296805805887815
13-2053,Insurance Underwriters,13,0.99,actual,Bachelor's degree,0.013401520340925677,0.33286908077994426,0.7825,4.13,0.028667866926261665,-0.0063321330737383386,0.7324929971988796,0.768072765735821
13-2054,Financial Risk Specialists,13,0.57,imputed,,,0.5,0.5,,,,0.5,0.5279999999999999
13-2061,Financial Examiners,13,0.17,actual,Bachelor's degree,0.021140436119325257,0.23816155988857934,0.7933333333333332,4.173333333333333,0.023478887844432306,-0.011521112155567698,0.8683473389355743,0.4442177461513853
13-2071,Credit Counselors,13,0.04,actual,Bachelor's degree,-0.03540300527299878,0.8203342618384402,0.7491666666666666,3.9966666666666666,0.019955384335878845,-0.015044615664121158,0.9159663865546218,0.5047534770175479
13-2072,Loan Officers,13,0.98,actual,Bachelor's degree,-0.015002899104761491,0.6559888579387186,0.7775000000000001,4.11,0.02029868977066074,-0.014701310229339265,0.9089635854341737,0.8539173094028698
13-2081,"Tax Examiners and Collectors, and Revenue Agents",13,0.93,actual,Bachelor's degree,0.005309464910281614,0.4317548746518106,0.7533333333333334,4.013333333333334,0.02213470117938554,-0.012865298820614463,0.8865546218487395,0.7796675015410064
13-2082,Tax Preparers,13,0.99,actual,High school diploma or equivalent,0.01673838712719644,0.28551532033426186,0.7808333333333335,4.123333333333334,0.03822107868532387,0.0032210786853238693,0.3753501400560224,0.7046139184085891
13-2099,"Financial Specialists, All Other",13,0.33,actual,Bachelor's degree,0.003697688213745831,0.4428969359331476,0.7750000000000001,4.1000000000000005,0.027508972522675146,-0.0074910274773248575,0.7647058823529411,0.5290352695395708
13-2099,"Financial Specialists, All Other",13,0.33,actual,Bachelor's degree,0.003697688213745831,0.4428969359331476,0.8483333333333334,4.3933333333333335,0.027508972522675146,-0.0074910274773248575,0.7647058823529411,0.5473686028729041
15-1211,Computer Systems Analysts,15,0.1285,imputed,,,0.5,0.7641666666666667,4.056666666666667,,,0.5,0.41744166666666666
15-1211,Computer Systems Analysts,15,0.1285,imputed,,,0.5,0.8216666666666665,4.286666666666666,,,0.5,0.4318166666666667
15-1212,Information Security Analysts,15,0.1285,imputed,,,0.5,0.7666666666666666,4.066666666666666,,,0.5,0.41806666666666664
15-1221,Computer and Information Research Scientists,15,0.1285,imputed,,,0.5,0.8541666666666667,4.416666666666667,,,0.5,0.43994166666666673
15-1231,Computer Network Support Specialists,15,0.1285,imputed,,,0.5,0.6575000000000001,3.6300000000000003,,,0.5,0.39077500000000004
15-1232,Computer User Support Specialists,15,0.1285,imputed,,,0.5,0.7125,3.85,,,0.5,0.404525
15-1241,Computer Network Architects,15,0.1285,imputed,,,0.5,0.7208333333333333,3.8833333333333333,,,0.5,0.40660833333333335
15-1241,Computer Network Architects,15,0.1285,imputed,,,0.5,0.735,3.94,,,0.5,0.41015
15-1242,Database Administrators,15,0.1285,imputed,,,0.5,0.7108333333333333,3.8433333333333333,,,0.5,0.40410833333333335
15-1243,Database Architects,15,0.1285,imputed,,,0.5,0.8216666666666665,4.286666666666666,,,0.5,0.4318166666666667
15-1243,Database Architects,15,0.1285,imputed,,,0.5,0.7525000000000002,4.010000000000001,,,0.5,0.4145250000000001
15-1244,Network and Computer Systems Administrators,15,0.1285,imputed,,,0.5,0.6675,3.67,,,0.5,0.393275
15-1251,Computer Programmers,15,0.1285,imputed,,,0.5,0.8274999999999999,4.31,,,0.5,0.433275
15-1252,Software Developers,15,0.1285,imputed,,,0.5,0.78,4.12,,,0.5,0.42140000000000005
15-1253,Software Quality Assurance Analysts and Testers,15,0.1285,imputed,,,0.5,0.8083333333333333,4.233333333333333,,,0.5,0.4284833333333334
15-1254,Web Developers,15,0.1285,imputed,,,0.5,0.6774999999999999,3.7099999999999995,,,0.5,0.395775
15-1255,Web and Digital Interface Designers,15,0.1285,imputed,,,0.5,0.6916666666666668,3.766666666666667,,,0.5,0.3993166666666667
15-1299,"Computer Occupations, All Other",15,0.1285,imputed,,,0.5,0.6866666666666666,3.7466666666666666,,,0.5,0.3980666666666667
15-1299,"Computer Occupations, All Other",15,0.1285,imputed,,,0.5,0.8233333333333335,4.293333333333334,,,0.5,0.4322333333333334
15-1299,"Computer Occupations, All Other",15,0.1285,imputed,,,0.5,0.7708333333333333,4.083333333333333,,,0.5,0.41910833333333336
15-1299,"Computer Occupations, All Other",15,0.1285,imputed,,,0.5,0.8075000000000001,4.23,,,0.5,0.428275
15-1299,"Computer Occupations, All Other",15,0.1285,imputed,,,0.5,0.7341666666666665,3.936666666666666,,,0.5,0.40994166666666665
15-1299,"Computer Occupations, All Other",15,0.1285,imputed,,,0.5,0.7908333333333333,4.163333333333333,,,0.5,0.42410833333333336
15-2011,Actuaries,15,0.21,actual,Bachelor's degree,0.03643539987636846,0.12952646239554322,0.8125,4.25,0.028456702397515743,-0.00654329760248426,0.7366946778711485,0.42353449415978095
15-2021,Mathematicians,15,0.047,actual,Master's degree,-0.033670605817034294,0.8050139275766017,0.7666666666666666,4.066666666666666,0.030322701910661776,-0.004677298089338228,0.6708683473389356,0.4720997042828273
15-2031,Operations Research Analysts,15,0.035,actual,Bachelor's degree,0.005806823948361739,0.42479108635097496,0.7983333333333333,4.193333333333333,0.01745928152670806,-0.017540718473291944,0.9411764705882353,0.4397180211917636
15-2041,Statisticians,15,0.22,actual,Master's degree,-0.04448690495940677,0.8565459610027855,0.9033333333333333,4.613333333333333,0.032327464724787314,-0.0026725352752126896,0.6106442577030813,0.5767391641893527
15-2041,Statisticians,15,0.22,actual,Master's degree,-0.04448690495940677,0.8565459610027855,0.7741666666666667,4.096666666666667,0.032327464724787314,-0.0026725352752126896,0.6106442577030813,0.544447497522686
15-2051,Data Scientists,15,0.1285,imputed,,,0.5,0.8225,4.29,,,0.5,0.43202500000000005
15-2051,Data Scientists,15,0.1285,imputed,,,0.5,0.8316666666666668,4.326666666666667,,,0.5,0.43431666666666674
15-2099,"Mathematical Science Occupations, All Other",15,0.1285,imputed,,,0.5,0.865,4.46,,,0.5,0.44265000000000004
17-1011,"Architects, Except Landscape and Naval",17,0.018,actual,Bachelor's degree,0.00326682847998927,0.44986072423398327,0.7383333333333333,3.953333333333333,0.02587580234314002,-0.009124197656859984,0.8137254901960784,0.4038143017095418
17-1012,Landscape Architects,17,0.045,actual,Bachelor's degree,0.007045758351737819,0.4080779944289693,0.5933333333333334,3.3733333333333335,0.028030312738148266,-0.006969687261851737,0.7450980392156863,0.35971363810148016
17-1021,Cartographers and Photogrammetrists,17,0.88,actual,Bachelor's degree,0.03710436927113503,0.12534818941504178,0.7783333333333333,4.113333333333333,0.03456144562257002,-0.0004385543774299838,0.5168067226890756,0.649173979619703
17-1022,Surveyors,17,0.38,actual,Bachelor's degree,0.016558304362019438,0.2924791086350975,0.855,4.42,0.02792964576641266,-0.007070354233587345,0.7507002801120448,0.5368508637438263
17-1022,Surveyors,17,0.38,actual,Bachelor's degree,0.016558304362019438,0.2924791086350975,0.8633333333333333,4.453333333333333,0.02792964576641266,-0.007070354233587345,0.7507002801120448,0.5389341970771595
17-2011,Aerospace Engineers,17,0.017,actual,Bachelor's degree,0.008172642556971699,0.3969359331476323,0.8658333333333335,4.463333333333334,0.027987526578498345,-0.007012473421501658,0.7464985994397759,0.4146203098788262
17-2021,Agricultural Engineers,17,0.49,actual,Bachelor's degree,-0.013696470432808305,0.6392757660167131,0.8516666666666666,4.406666666666666,0.04582945438162356,0.010829454381623554,0.16806722689075626,0.5619819039036228
17-2031,Bioengineers and Biomedical Engineers,17,0.037,actual,Bachelor's degree,0.030938992493368067,0.17130919220055707,0.8300000000000001,4.32,0.02992612139378492,-0.005073878606215082,0.6876750700280112,0.35971309894431314
17-2041,Chemical Engineers,17,0.017,actual,Bachelor's degree,-0.05820303140129557,0.9122562674094707,0.7691666666666668,4.076666666666667,0.018318303549469617,-0.016681696450530387,0.9355742296918768,0.5218790546023424
17-2051,Civil Engineers,17,0.019,actual,Bachelor's degree,0.026629086430984827,0.1977715877437326,0.7183333333333333,3.873333333333333,0.021368556949866724,-0.01363144305013328,0.896358543417367,0.3611914323946849
17-2051,Civil Engineers,17,0.019,actual,Bachelor's degree,0.026629086430984827,0.1977715877437326,0.7766666666666666,4.1066666666666665,0.021368556949866724,-0.01363144305013328,0.896358543417367,0.3757747657280182
17-2051,Civil Engineers,17,0.019,actual,Bachelor's degree,0.026629086430984827,0.1977715877437326,0.7516666666666667,4.006666666666667,0.021368556949866724,-0.01363144305013328,0.896358543417367,0.36952476572801823
17-2061,Computer Hardware Engineers,17,0.22,actual,Bachelor's degree,0.03378872296838864,0.14902506963788298,0.8108333333333333,4.243333333333333,0.047133622688204646,0.012133622688204643,0.14565826330532217,0.3423620867567083
17-2071,Electrical Engineers,17,0.1,actual,Bachelor's degree,0.009137225487888312,0.3844011142061281,0.8158333333333332,4.263333333333333,0.030170444763474746,-0.004829555236525257,0.6792717086834734,0.4227293124770799
17-2072,"Electronics Engineers, Except Computer",17,0.025,actual,Bachelor's degree,-0.04536464081846969,0.8635097493036212,0.7658333333333334,4.0633333333333335,0.03496004679643172,-3.995320356828258e-05,0.5028011204481793,0.4495804512612845
17-2072,"Electronics Engineers, Except Computer",17,0.025,actual,Bachelor's degree,-0.04536464081846969,0.8635097493036212,0.6891666666666666,3.7566666666666664,0.03496004679643172,-3.995320356828258e-05,0.5028011204481793,0.4304137845946178
17-2081,Environmental Engineers,17,0.018,actual,Bachelor's degree,-0.04538335413327499,0.8649025069637883,0.7416666666666667,3.966666666666667,0.028670453703759202,-0.006329546296240801,0.73109243697479,0.4752610336056428
17-2111,"Health and Safety Engineers, Except Mining Safety Engineers and Inspectors",17,0.028,actual,Bachelor's degree,-0.02833081621996325,0.766016713091922,0.7483333333333334,3.9933333333333336,0.035800572199019554,0.0008005721990195502,0.46638655462184875,0.42144465914499507
17-2111,"Health and Safety Engineers, Except Mining Safety Engineers and Inspectors",17,0.028,actual,Bachelor's degree,-0.02833081621996325,0.766016713091922,0.7241666666666666,3.8966666666666665,0.035800572199019554,0.0008005721990195502,0.46638655462184875,0.41540299247832835
17-2112,Industrial Engineers,17,0.029,actual,Bachelor's degree,0.03913812881720147,0.11977715877437323,0.6975000000000001,3.7900000000000005,0.02631340367486157,-0.008686596325138435,0.803921568627451,0.33051866704899235
17-2112,Industrial Engineers,17,0.029,actual,Bachelor's degree,0.03913812881720147,0.11977715877437323,0.7541666666666667,4.016666666666667,0.02631340367486157,-0.008686596325138435,0.803921568627451,0.34468533371565896
17-2112,Industrial Engineers,17,0.029,actual,Bachelor's degree,0.03913812881720147,0.11977715877437323,0.8541666666666667,4.416666666666667,0.02631340367486157,-0.008686596325138435,0.803921568627451,0.369685333715659
17-2112,Industrial Engineers,17,0.029,actual,Bachelor's degree,0.03913812881720147,0.11977715877437323,0.7833333333333334,4.133333333333334,0.02631340367486157,-0.008686596325138435,0.803921568627451,0.35197700038232566
17-2121,Marine Engineers and Naval Architects,17,0.01,actual,Bachelor's degree,-0.04454926655774272,0.8579387186629527,0.7408333333333333,3.9633333333333334,0.03294761657976952,-0.0020523834202304803,0.5798319327731092,0.4477708669818902
17-2131,Materials Engineers,17,0.021,actual,Bachelor's degree,-0.023685981276591273,0.7298050139275767,0.7858333333333334,4.1433333333333335,0.03127684670598474,-0.0037231532940152634,0.6386554621848739,0.4466176554465798
17-2141,Mechanical Engineers,17,0.011,actual,Bachelor's degree,-0.0031509814808703407,0.5194986072423398,0.6791666666666667,3.716666666666667,0.029325317258979133,-0.00567468274102087,0.7142857142857143,0.38523424525799177
17-2141,Mechanical Engineers,17,0.011,actual,Bachelor's degree,-0.0031509814808703407,0.5194986072423398,0.7725,4.09,0.029325317258979133,-0.00567468274102087,0.7142857142857143,0.4085675785913251
17-2141,Mechanical Engineers,17,0.011,actual,Bachelor's degree,-0.0031509814808703407,0.5194986072423398,0.8216666666666665,4.286666666666666,0.029325317258979133,-0.00567468274102087,0.7142857142857143,0.42085924525799173
17-2151,"Mining and Geological Engineers, Including Mining Safety Engineers",17,0.14,actual,Bachelor's degree,0.007254906422899721,0.40250696378830086,0.8116666666666668,4.246666666666667,0.02301031206852233,-0.011989687931477672,0.876750700280112,0.4709306644663437
17-2161,Nuclear Engineers,17,0.07,actual,Bachelor's degree,-0.006378592228613478,0.5543175487465182,0.7941666666666667,4.176666666666667,0.03443702844825092,-0.0005629715517490863,0.5252100840336135,0.41618668902101236
17-2171,Petroleum Engineers,17,0.16,actual,Bachelor's degree,-0.080548803369204,0.9568245125348189,0.7916666666666667,4.166666666666667,0.0007110768936990919,-0.03428892310630091,0.9957983193277311,0.6026513170727902
17-2199,"Engineers, All Other",17,0.014,actual,Bachelor's degree,0.01169192841393829,0.3593314763231198,0.7983333333333333,4.193333333333333,0.033653537152667834,-0.0013464628473321694,0.5546218487394958,0.36024290590888164
17-2199,"Engineers, All Other",17,0.014,actual,Bachelor's degree,0.01169192841393829,0.3593314763231198,0.6925,3.77,0.033653537152667834,-0.0013464628473321694,0.5546218487394958,0.33378457257554833
17-2199,"Engineers, All Other",17,0.014,actual,Bachelor's degree,0.01169192841393829,0.3593314763231198,0.7375000000000002,3.9500000000000006,0.033653537152667834,-0.0013464628473321694,0.5546218487394958,0.3450345725755483
17-2199,"Engineers, All Other",17,0.014,actual,Bachelor's degree,0.01169192841393829,0.3593314763231198,0.7966666666666666,4.1866666666666665,0.033653537152667834,-0.0013464628473321694,0.5546218487394958,0.35982623924221496
17-2199,"Engineers, All Other",17,0.014,actual,Bachelor's degree,0.01169192841393829,0.3593314763231198,0.7908333333333333,4.163333333333333,0.033653537152667834,-0.0013464628473321694,0.5546218487394958,0.3583679059088816
17-2199,"Engineers, All Other",17,0.014,actual,Bachelor's degree,0.01169192841393829,0.3593314763231198,0.8141666666666667,4.256666666666667,0.033653537152667834,-0.0013464628473321694,0.5546218487394958,0.364201239242215
17-2199,"Engineers, All Other",17,0.014,actual,Bachelor's degree,0.01169192841393829,0.3593314763231198,0.7258333333333334,3.9033333333333338,0.033653537152667834,-0.0013464628473321694,0.5546218487394958,0.34211790590888164
17-2199,"Engineers, All Other",17,0.014,actual,Bachelor's degree,0.01169192841393829,0.3593314763231198,0.6758333333333333,3.703333333333333,0.033653537152667834,-0.0013464628473321694,0.5546218487394958,0.3296179059088816
17-3011,Architectural and Civil Drafters,17,0.52,actual,Associate's degree,0.008683508826175634,0.39136490250696376,0.6483333333333333,3.5933333333333333,0.03211003234316667,-0.002889967656833331,0.6176470588235294,0.5410033726582555
17-3012,Electrical and Electronics Drafters,17,0.81,actual,Associate's degree,-0.045905841439402684,0.8662952646239555,0.6616666666666666,3.6466666666666665,0.03381432771975379,-0.0011856722802462138,0.5420168067226891,0.7439782405998613
17-3013,Mechanical Drafters,17,0.68,actual,Associate's degree,-0.047479269141904146,0.8690807799442897,0.6116666666666667,3.4466666666666668,0.03496612435625246,-3.387564374754404e-05,0.5014005602240896,0.673942906689138
17-3019,"Drafters, All Other",17,0.12000000000000001,imputed,,-0.0010812986801223001,0.4986072423398329,0.5,,0.033367290800000005,-0.0016327091999999988,0.5658263305322129,0.3575953980477985
17-3021,Aerospace Engineering and Operations Technologists and Technicians,17,0.48,actual,Associate's degree,0.015766748671165898,0.3022284122562674,0.7666666666666666,4.066666666666666,0.04089830755895019,0.005898307558950183,0.29691876750700286,0.48865016424397056
17-3022,Civil Engineering Technologists and Technicians,17,0.75,actual,Associate's degree,-0.005366214593292451,0.541782729805014,0.7225,3.89,0.03379366684134211,-0.0012063331586578963,0.5434173669467788,0.6704941510030197
17-3023,Electrical and Electronic Engineering Technologists and Technicians,17,0.84,actual,Associate's degree,-0.040383233560036924,0.8398328690807799,0.7050000000000001,3.8200000000000003,0.03124011440536112,-0.0037598855946388843,0.6428571428571428,0.7766451452447275
17-3024,Electro-Mechanical and Mechatronics Technologists and Technicians,17,0.81,actual,Associate's degree,0.01990398653753167,0.25208913649025066,0.71,3.84,0.0345709885106773,-0.0004290114893227004,0.5154061624649859,0.629228751667798
17-3024,Electro-Mechanical and Mechatronics Technologists and Technicians,17,0.81,actual,Associate's degree,0.01990398653753167,0.25208913649025066,0.6558333333333334,3.6233333333333335,0.0345709885106773,-0.0004290114893227004,0.5154061624649859,0.6156870850011313
17-3025,Environmental Engineering Technologists and Technicians,17,0.25,actual,Associate's degree,-0.04886140347539425,0.8788300835654597,0.6583333333333333,3.6333333333333333,0.024392031057788754,-0.010607968942211249,0.8515406162464986,0.5680804424834001
17-3026,Industrial Engineering Technologists and Technicians,17,0.03,actual,Associate's degree,0.018345696084754115,0.2701949860724234,0.61,3.44,0.026529201078888676,-0.008470798921111328,0.7955182072829132,0.33786672830692166
17-3026,Industrial Engineering Technologists and Technicians,17,0.03,actual,Associate's degree,0.018345696084754115,0.2701949860724234,0.8125,4.25,0.026529201078888676,-0.008470798921111328,0.7955182072829132,0.3884917283069217
17-3027,Mechanical Engineering Technologists and Technicians,17,0.38,actual,Associate's degree,-0.019233524968781945,0.6977715877437326,0.7533333333333332,4.013333333333333,0.03949549744481895,0.004495497444818947,0.334733893557423,0.5300977349156933
17-3027,Mechanical Engineering Technologists and Technicians,17,0.38,actual,Associate's degree,-0.019233524968781945,0.6977715877437326,0.7283333333333334,3.9133333333333336,0.03949549744481895,0.004495497444818947,0.334733893557423,0.5238477349156934
17-3028,Calibration Technologists and Technicians,17,0.12000000000000001,imputed,,,0.5,0.5,,,,0.5,0.34800000000000003
17-3029,"Engineering Technologists and Technicians, Except Drafters, All Other",17,0.24,actual,Associate's degree,-0.046047713906950616,0.8676880222841226,0.8225,4.29,0.030241386220633215,-0.004758613779366788,0.6736694677871149,0.5762130246248918
17-3029,"Engineering Technologists and Technicians, Except Drafters, All Other",17,0.24,actual,Associate's degree,-0.046047713906950616,0.8676880222841226,0.6966666666666667,3.7866666666666666,0.030241386220633215,-0.004758613779366788,0.6736694677871149,0.5447546912915584
17-3031,Surveying and Mapping Technicians,17,0.96,actual,High school diploma or equivalent,0.01491282263187621,0.3119777158774373,0.7174999999999999,3.8699999999999997,0.028354737199642432,-0.006645262800357571,0.7408963585434174,0.7369049969570001
19-1011,Animal Scientists,19,0.061,actual,Bachelor's degree,0.029451478801186592,0.17966573816155984,0.825,4.3,0.03878580335164861,0.0037858033516486034,0.3571428571428571,0.3201545762037405
19-1012,Food Scientists and Technologists,19,0.077,actual,Bachelor's degree,-0.0029190185482623754,0.5153203342618384,0.8074999999999999,4.2299999999999995,0.03978646504931804,0.004786465049318039,0.3305322128851541,0.38531889878514075
19-1013,Soil and Plant Scientists,19,0.021,actual,Bachelor's degree,0.006715746083536311,0.41086350974930363,0.8308333333333333,4.323333333333333,0.031440552746742956,-0.0035594472532570476,0.6316526610644257,0.3930289344428579
19-1021,Biochemists and Biophysicists,19,0.027,actual,Doctoral or professional degree,0.024794377423184244,0.2103064066852368,0.95,4.8,0.029487836483764962,-0.005512163516235041,0.7016806722689075,0.3956133821773835
19-1022,Microbiologists,19,0.012,actual,Bachelor's degree,-0.007961716569674926,0.5682451253481895,0.8108333333333333,4.243333333333333,0.02671903405024656,-0.008280965949753444,0.7899159663865546,0.43964475336095443
19-1023,Zoologists and Wildlife Biologists,19,0.3,actual,Bachelor's degree,0.0020668079329286826,0.46796657381615603,0.7341666666666667,3.936666666666667,0.0294406966077867,-0.005559303392213305,0.7086834733893557,0.5034375024383012
19-1029,"Biological Scientists, All Other",19,0.015,actual,Bachelor's degree,0.03930666317735443,0.11699164345403901,0.8383333333333332,4.353333333333333,0.034954750574921034,-4.524942507896923e-05,0.5056022408963585,0.31482199815859485
19-1029,"Biological Scientists, All Other",19,0.015,actual,Bachelor's degree,0.03930666317735443,0.11699164345403901,0.8666666666666665,4.466666666666666,0.034954750574921034,-4.524942507896923e-05,0.5056022408963585,0.3219053314919282
19-1029,"Biological Scientists, All Other",19,0.015,actual,Bachelor's degree,0.03930666317735443,0.11699164345403901,0.8799999999999999,4.52,0.034954750574921034,-4.524942507896923e-05,0.5056022408963585,0.32523866482526154
19-1029,"Biological Scientists, All Other",19,0.015,actual,Bachelor's degree,0.03930666317735443,0.11699164345403901,0.8758333333333335,4.503333333333334,0.034954750574921034,-4.524942507896923e-05,0.5056022408963585,0.32419699815859493
19-1031,Conservation Scientists,19,0.016,actual,Bachelor's degree,0.022547482816639652,0.22841225626740946,0.8033333333333335,4.213333333333334,0.024026091197387744,-0.010973908802612259,0.8599439775910365,0.38190738122547074
19-1031,Conservation Scientists,19,0.016,actual,Bachelor's degree,0.022547482816639652,0.22841225626740946,0.7258333333333334,3.9033333333333338,0.024026091197387744,-0.010973908802612259,0.8599439775910365,0.3625323812254707
19-1031,Conservation Scientists,19,0.016,actual,Bachelor's degree,0.022547482816639652,0.22841225626740946,0.6533333333333333,3.6133333333333333,0.024026091197387744,-0.010973908802612259,0.8599439775910365,0.34440738122547065
19-1032,Foresters,19,0.0081,actual,Bachelor's degree,0.031229844321517986,0.16991643454038996,0.7575000000000001,4.03,0.03282503338868126,-0.002174966611318746,0.5868347338935574,0.3146234969921116
19-1041,Epidemiologists,19,0.2,actual,Master's degree,0.07987755425344512,0.01671309192200554,0.8866666666666667,4.546666666666667,0.03742597495476918,0.002425974954769178,0.40336134453781514,0.36551348673174006
19-1042,"Medical Scientists, Except Epidemiologists",19,0.0045,actual,Doctoral or professional degree,0.052670880267083,0.055710306406685284,0.7725,4.09,0.027821680863598264,-0.00717831913640174,0.7535014005602241,0.31909227136537066
19-1099,"Life Scientists, All Other",19,0.061,imputed,,0.012261240437891008,0.35236768802228413,0.5,,0.02758999442859089,-0.007410005571409112,0.7619047619047619,0.3341592518901711
19-2011,Astronomers,19,0.041,actual,Doctoral or professional degree,-0.0026667426237129144,0.5111420612813371,0.8766666666666667,4.506666666666667,0.025960797677770486,-0.009039202322229517,0.8123249299719888,0.4596438184187324
19-2012,Physicists,19,0.1,actual,Doctoral or professional degree,0.02136354275552388,0.23537604456824512,0.8441666666666665,4.376666666666666,0.04560421510826851,0.010604215108268505,0.17927170868347342,0.32500763188283666
19-2021,Atmospheric and Space Scientists,19,0.67,actual,Bachelor's degree,0.010266052548300042,0.3732590529247911,0.7874999999999999,4.1499999999999995,0.015042400521081856,-0.019957599478918148,0.9551820728291317,0.6828041215093279
19-2031,Chemists,19,0.1,actual,Bachelor's degree,-0.003051857111044387,0.5167130919220055,0.7883333333333333,4.153333333333333,0.026140186936484566,-0.008859813063515437,0.8095238095238095,0.46185452314630593
19-2032,Materials Scientists,19,0.021,actual,Bachelor's degree,0.013145892518786395,0.3384401114206128,0.8174999999999999,4.27,0.030209400943483455,-0.004790599056516548,0.6764705882352942,0.38193361051941666
19-2041,"Environmental Scientists and Specialists, Including Health",19,0.033,actual,Bachelor's degree,0.01488580831754871,0.3133704735376045,0.7883333333333333,4.153333333333333,0.02414320977676021,-0.010856790223239793,0.8571428571428572,0.40152885661228277
19-2041,"Environmental Scientists and Specialists, Including Health",19,0.033,actual,Bachelor's degree,0.01488580831754871,0.3133704735376045,0.7208333333333333,3.8833333333333333,0.02414320977676021,-0.010856790223239793,0.8571428571428572,0.3846538566122828
19-2041,"Environmental Scientists and Specialists, Including Health",19,0.033,actual,Bachelor's degree,0.01488580831754871,0.3133704735376045,0.7541666666666667,4.016666666666667,0.02414320977676021,-0.010856790223239793,0.8571428571428572,0.3929871899456161
19-2041,"Environmental Scientists and Specialists, Including Health",19,0.033,actual,Bachelor's degree,0.01488580831754871,0.3133704735376045,0.8225,4.29,0.02414320977676021,-0.010856790223239793,0.8571428571428572,0.41007052327894944
19-2042,"Geoscientists, Except Hydrologists and Geographers",19,0.63,actual,Bachelor's degree,-0.031008820087098043,0.7910863509749304,0.8358333333333334,4.343333333333334,0.010714825641409575,-0.024285174358590428,0.9705882352941176,0.7647638388224371
19-2043,Hydrologists,19,0.014,actual,Bachelor's degree,-0.01030643655129082,0.6016713091922006,0.8558333333333332,4.423333333333333,0.032551438617518746,-0.002448561382481257,0.6008403361344538,0.4300186455919415
19-2099,"Physical Scientists, All Other",19,0.43,actual,Bachelor's degree,0.036251120091705946,0.13091922005571033,0.8625,4.45,0.02316356748983006,-0.011836432510169942,0.8753501400560224,0.5451113650195454
19-3011,Economists,19,0.43,actual,Master's degree,-0.006721543604212843,0.5584958217270195,0.8391666666666666,4.3566666666666665,0.029421585870413436,-0.0055784141295865675,0.7100840336134453,0.6000034360540873
19-3011,Economists,19,0.43,actual,Master's degree,-0.006721543604212843,0.5584958217270195,0.7991666666666666,4.196666666666666,0.029421585870413436,-0.0055784141295865675,0.7100840336134453,0.5900034360540873
19-3022,Survey Researchers,19,0.23,actual,Master's degree,-0.047911881114214405,0.8718662952646239,0.8633333333333333,4.453333333333333,0.0333771819769515,-0.0016228180230485056,0.5644257703081232,0.5668704579324766
19-3032,Industrial-Organizational Psychologists,19,0.012,actual,Master's degree,0.001821517777046866,0.4749303621169917,0.8300000000000001,4.32,0.06571588946106965,0.03071588946106965,0.012605042016806678,0.30917682872591934
19-3033,Clinical and Counseling Psychologists,19,0.061,imputed,,,0.5,0.78,4.12,,,0.5,0.39440000000000003
19-3034,School Psychologists,19,0.061,imputed,,,0.5,0.5375,3.15,,,0.5,0.333775
19-3039,"Psychologists, All Other",19,0.0043,actual,Master's degree,0.04882793656869078,0.07381615598885793,0.9233333333333331,4.6933333333333325,0.021826631860784262,-0.013173368139215741,0.8893557422969187,0.3807199258756427
19-3039,"Psychologists, All Other",19,0.0043,actual,Master's degree,0.04882793656869078,0.07381615598885793,0.9441666666666666,4.776666666666666,0.021826631860784262,-0.013173368139215741,0.8893557422969187,0.385928259208976
19-3041,Sociologists,19,0.059,actual,Master's degree,-0.02560698049612231,0.7451253481894151,0.8724999999999998,4.489999999999999,0.03505907575551914,5.907575551913902e-05,0.49859943977591037,0.46553998560426957
19-3051,Urban and Regional Planners,19,0.13,actual,Master's degree,0.022541234626954232,0.22980501392757657,0.7408333333333333,3.9633333333333334,0.03153790241415022,-0.0034620975858497827,0.6260504201680672,0.37707689914405873
19-3091,Anthropologists and Archeologists,19,0.0077,actual,Master's degree,0.05896219782824841,0.04178272980501396,0.8516666666666666,4.406666666666666,0.021160143320199776,-0.013839856679800228,0.9005602240896359,0.35943724624111484
19-3092,Geographers,19,0.25,actual,Bachelor's degree,0.0010245944641618099,0.48189415041782735,0.8483333333333334,4.3933333333333335,0.034846024047886726,-0.00015397595211327775,0.511204481792717,0.4851428356858064
19-3093,Historians,19,0.44,actual,Master's degree,0.01823813640933336,0.27298050139275765,0.7233333333333333,3.893333333333333,0.029279298568928303,-0.005720701431071701,0.7184873949579832,0.5192025428555823
19-3094,Political Scientists,19,0.039,actual,Master's degree,-0.0030566605083117704,0.5181058495821727,0.8466666666666667,4.386666666666667,0.0307305480427138,-0.004269451957286202,0.6596638655462185,0.429837416415034
19-3099,"Social Scientists and Related Workers, All Other",19,0.04,actual,Bachelor's degree,0.006196197441531881,0.4178272980501393,0.8041666666666665,4.216666666666666,0.0330812135693308,-0.0019187864306692004,0.572829131652661,0.38653149602459363
19-4012,Agricultural Technicians,19,0.061,imputed,,,0.5,0.6591666666666667,3.6366666666666667,,,0.5,0.3641916666666667
19-4012,Agricultural Technicians,19,0.061,imputed,,,0.5,0.6991666666666666,3.7966666666666664,,,0.5,0.37419166666666664
19-4013,Food Science Technicians,19,0.061,imputed,,,0.5,0.6525,3.61,,,0.5,0.36252500000000004
19-4021,Biological Technicians,19,0.3,actual,Bachelor's degree,-0.015110485447659583,0.658774373259053,0.8916666666666668,4.566666666666667,0.03556553530494666,0.0005655353049466572,0.4775910364145658,0.5463101967806622
19-4031,Chemical Technicians,19,0.57,actual,Associate's degree,-0.01833971184125527,0.6935933147632312,0.8183333333333334,4.273333333333333,0.03081408089955162,-0.004185919100448382,0.6568627450980392,0.6698314080506854
19-4042,"Environmental Science and Protection Technicians, Including Health",19,0.061,imputed,,,0.5,0.7275,3.91,,,0.5,0.38127500000000003
19-4043,"Geological Technicians, Except Hydrologic Technicians",19,0.061,imputed,,,0.5,0.7225,3.89,,,0.5,0.380025
19-4044,Hydrologic Technicians,19,0.061,imputed,,,0.5,0.5,,,,0.5,0.3244
19-4051,Nuclear Technicians,19,0.85,actual,Associate's degree,-0.015740928484470396,0.6671309192200556,0.7549999999999999,4.02,0.04515340377722277,0.010153403777222764,0.18907563025210083,0.6905375283818264
19-4051,Nuclear Technicians,19,0.85,actual,Associate's degree,-0.015740928484470396,0.6671309192200556,0.7825,4.13,0.04515340377722277,0.010153403777222764,0.18907563025210083,0.6974125283818263
19-4061,Social Science Research Assistants,19,0.65,actual,Bachelor's degree,-0.017010966496978197,0.6768802228412256,0.8691666666666666,4.476666666666667,0.039530738110435726,0.0045307381104357225,0.33333333333333337,0.6626677112349119
19-4071,Forest and Conservation Technicians,19,0.061,imputed,,,0.5,0.6508333333333334,3.6033333333333335,,,0.5,0.36210833333333337
19-4092,Forensic Science Technicians,19,0.0095,actual,Bachelor's degree,0.026051113391480474,0.20194986072423393,0.7466666666666667,3.986666666666667,0.03443234996952871,-0.000567650030471295,0.5266106442577031,0.30984823545016893
19-4099,"Life, Physical, and Social Science Technicians, All Other",19,0.61,actual,Associate's degree,0.018029455461701538,0.275766016713092,0.7850000000000001,4.140000000000001,0.03262503960200758,-0.002374960397992426,0.5966386554621849,0.5848990016619462
19-4099,"Life, Physical, and Social Science Technicians, All Other",19,0.61,actual,Associate's degree,0.018029455461701538,0.275766016713092,0.7491666666666666,3.9966666666666666,0.03262503960200758,-0.002374960397992426,0.5966386554621849,0.5759406683286128
19-5011,Occupational Health and Safety Specialists,19,0.061,imputed,,,0.5,0.8216666666666665,4.286666666666666,,,0.5,0.40481666666666666
19-5012,Occupational Health and Safety Technicians,19,0.061,imputed,,,0.5,0.7583333333333333,4.033333333333333,,,0.5,0.38898333333333335
21-1012,"Educational, Guidance, and Career Counselors and Advisors",21,0.0085,actual,Master's degree,0.030932178496187346,0.17270194986072418,0.7708333333333333,4.083333333333333,0.024833375105885347,-0.010166624894114656,0.8389355742296919,0.3564890594399319
21-1013,Marriage and Family Therapists,21,0.014,actual,Master's degree,0.04660010235084444,0.08495821727019504,0.6416666666666666,3.5666666666666664,0.05150057378660167,0.016500573786601663,0.0798319327731093,0.19498310003667205
21-1015,Rehabilitation Counselors,21,0.0094,actual,Master's degree,-0.01705057505849228,0.6796657381615598,0.6908333333333333,3.763333333333333,0.037937389854818315,0.002937389854818312,0.38655462184873945,0.3703846742429563
21-1018,"Substance Abuse, Behavioral Disorder, and Mental Health Counselors",21,0.014,imputed,,0.09079654310905716,0.00835654596100277,0.5,,0.043222536220272056,0.008222536220272053,0.22969187675070024,0.16672509070480557
21-1019,"Counselors, All Other",21,0.014,imputed,,0.010689731869003127,0.36768802228412256,0.5,,0.028731810289610804,-0.006268189710389199,0.7268907563025211,0.31317121790220265
21-1021,"Child, Family, and School Social Workers",21,0.028,actual,Bachelor's degree,0.02954398713811801,0.17827298050139273,0.6725,3.69,0.03660721883563478,0.0016072188356347772,0.4327731092436975,0.27989556248683317
21-1022,Healthcare Social Workers,21,0.0035,actual,Master's degree,0.01574809250455811,0.3036211699164345,0.605,3.42,0.02975279622555349,-0.005247203774446513,0.696078431372549,0.31778599868916924
21-1023,Mental Health and Substance Abuse Social Workers,21,0.0031,actual,Bachelor's degree,0.01858263892358969,0.2674094707520891,0.7625,4.05,0.04608065497804015,0.011080654978040144,0.1610644257703081,0.269506558015964
21-1029,"Social Workers, All Other",21,0.014,imputed,,0.013125691565765374,0.3398328690807799,0.5,,0.027782523653614888,-0.0072174763463851155,0.7549019607843137,0.31180186793380305
21-1091,Health Education Specialists,21,0.045,actual,Bachelor's degree,0.016004586788738173,0.2994428969359332,0.7725,4.09,0.02981083956560049,-0.005189160434399515,0.6946778711484594,0.3752152600594555
21-1092,Probation Officers and Correctional Treatment Specialists,21,0.25,actual,Bachelor's degree,0.002795775784822263,0.45821727019498604,0.7166666666666667,3.8666666666666667,0.031672205934139885,-0.003327794065860118,0.6246498599439776,0.4645075996972605
21-1093,Social and Human Service Assistants,21,0.13,actual,High school diploma or equivalent,0.01581988312547722,0.3008356545961003,0.6358333333333333,3.543333333333333,0.04169378597079354,0.0066937859707935365,0.273109243697479,0.3120918508071752
21-1094,Community Health Workers,21,0.014,imputed,,0.013514071116791149,0.33147632311977715,0.7458333333333332,3.983333333333333,0.03728688197720298,0.002286881977202976,0.4103641456582633,0.31990821980602824
21-1099,"Community and Social Service Specialists, All Other",21,0.014,imputed,,0.013363855385975842,0.33426183844011137,0.5,,0.037509218998959204,0.0025092189989592006,0.39915966386554624,0.2573263172678542
21-2011,Clergy,21,0.0081,actual,Bachelor's degree,0.016638748433964512,0.2896935933147632,0.4066666666666666,2.6266666666666665,0.03293829539920545,-0.0020617046007945505,0.5812324929971988,0.2500302592791991
21-2021,"Directors, Religious Activities and Education",21,0.025,actual,Bachelor's degree,0.0030011517991617165,0.4526462395543176,0.54,3.16,0.040665666992749205,0.005665666992749202,0.3025210084033614,0.28090739917136776
21-2099,"Religious Workers, All Other",21,0.014,imputed,,0.09294417199307858,0.0069637883008356605,0.5,,0.05985901599745991,0.024859015997459905,0.025210084033613467,0.13577427026520916
23-1011,Lawyers,23,0.035,actual,Doctoral or professional degree,0.02316413499600878,0.2214484679665738,0.7308333333333333,3.9233333333333333,0.0368745803810282,0.0018745803810281958,0.4243697478991597,0.30465348911152207
23-1012,Judicial Law Clerks,23,0.41,actual,Doctoral or professional degree,-0.029168433052493725,0.7743732590529248,0.69,3.76,0.02944311242852704,-0.005556887571472963,0.707282913165266,0.5974670887853749
23-1021,"Administrative Law Judges, Adjudicators, and Hearing Officers",23,0.64,actual,Doctoral or professional degree,0.019704540552892613,0.2562674094707521,0.7283333333333334,3.9133333333333336,0.0317809890718872,-0.003219010928112803,0.6204481792717087,0.5824040421182402
23-1022,"Arbitrators, Mediators, and Conciliators",23,0.06,actual,Bachelor's degree,0.057191291977616965,0.04456824512534818,0.73,3.92,0.03248845316984483,-0.0025115468301551702,0.6036414565826331,0.3059598675124646
23-1023,"Judges, Magistrate Judges, and Magistrates",23,0.4,actual,Doctoral or professional degree,-0.024174785642771424,0.733983286908078,0.7441666666666666,3.9766666666666666,0.024841782882429886,-0.010158217117570117,0.8375350140056023,0.6184685761491227
23-2011,Paralegals and Legal Assistants,23,0.94,actual,Associate's degree,0.034455364349229134,0.1406685236768802,0.7341666666666667,3.936666666666667,0.03576760823550118,0.0007676082355011771,0.4677871148459384,0.6578434386289335
23-2093,"Title Examiners, Abstractors, and Searchers",23,0.99,actual,High school diploma or equivalent,-0.01016050914523281,0.596100278551532,0.8566666666666667,4.426666666666667,0.028030621817136003,-0.006969378182864,0.7436974789915967,0.8409413442257128
23-2099,"Legal Support Workers, All Other",23,0.41,imputed,,0.011544084398538601,0.3607242339832869,0.5,,0.03302604160870648,-0.0019739583912935232,0.5784313725490196,0.44790955267901034
25-1011,"Business Teachers, Postsecondary",25,0.13,imputed,,-0.003565671818093641,0.5236768802228412,0.5891666666666667,3.356666666666667,0.015050220421843008,-0.019949779578156995,0.953781512605042,0.4470942696019912
25-1021,"Computer Science Teachers, Postsecondary",25,0.13,imputed,,0.012923544576733281,0.34401114206128136,0.7608333333333335,4.043333333333334,0.01178199159183202,-0.023218008408167984,0.9677871148459384,0.45617862897248035
25-1022,"Mathematical Science Teachers, Postsecondary",25,0.13,imputed,,-0.010291441072079244,0.6002785515320335,0.6058333333333333,3.4233333333333333,0.007077679275362847,-0.027922320724637156,0.9873949579831933,0.47162328733721903
25-1031,"Architecture Teachers, Postsecondary",25,0.13,imputed,,0.016216029327250192,0.29805013927576607,0.695,3.78,0.002753175237327321,-0.03224682476267268,0.9915966386554622,0.4340995236534726
25-1032,"Engineering Teachers, Postsecondary",25,0.13,imputed,,0.010117433141000554,0.3746518105849582,0.7716666666666667,4.086666666666667,0.013096280807036953,-0.02190371919296305,0.9621848739495799,0.4641747598760953
25-1041,"Agricultural Sciences Teachers, Postsecondary",25,0.13,imputed,,-0.02708024243164986,0.754874651810585,0.7374999999999999,3.9499999999999997,0.016682322214511158,-0.018317677785488845,0.9453781512605042,0.5291566530511926
25-1042,"Biological Science Teachers, Postsecondary",25,0.13,imputed,,-0.004418072511344517,0.532033426183844,0.8458333333333334,4.383333333333334,0.007882962219623035,-0.027117037780376968,0.9831932773109243,0.5173440101667408
25-1043,"Forestry and Conservation Science Teachers, Postsecondary",25,0.13,imputed,,-0.043160633966740636,0.8523676880222841,0.8241666666666667,4.296666666666667,0.014623874197507991,-0.020376125802492012,0.957983193277311,0.5722126832627201
25-1051,"Atmospheric, Earth, Marine, and Space Sciences Teachers, Postsecondary",25,0.13,imputed,,-0.015194389128358465,0.6601671309192201,0.7425,3.97,0.0187258546073108,-0.016274145392689204,0.9285714285714286,0.5089441404695583
25-1052,"Chemistry Teachers, Postsecondary",25,0.13,imputed,,-0.009562032535586629,0.5863509749303621,0.7091666666666668,3.8366666666666673,0.01878342563736668,-0.016216574362633324,0.927170868347339,0.48563749190484
25-1053,"Environmental Science Teachers, Postsecondary",25,0.13,imputed,,0.014708530194481595,0.3161559888579387,0.7141666666666667,3.856666666666667,0.018185453248863448,-0.016814546751136555,0.9369747899159664,0.4343190829256494
25-1054,"Physics Teachers, Postsecondary",25,0.13,imputed,,-0.00679603604876533,0.5598885793871866,0.7991666666666666,4.196666666666666,0.010181602760614972,-0.02481839723938503,0.9733893557422969,0.5097777859054484
25-1061,"Anthropology and Archeology Teachers, Postsecondary",25,0.13,imputed,,-0.016566174855553673,0.6740947075208914,0.9191666666666667,4.676666666666667,0.018390084878312063,-0.01660991512168794,0.9341736694677871,0.556736658591013
25-1062,"Area, Ethnic, and Cultural Studies Teachers, Postsecondary",25,0.13,imputed,,0.019812465391968903,0.254874651810585,0.6749999999999999,3.6999999999999997,0.02025931231665945,-0.014740687683340553,0.9103641456582633,0.40827955221085643
25-1063,"Economics Teachers, Postsecondary",25,0.13,imputed,,-0.01389969583786288,0.6434540389972145,0.6925,3.77,0.02453661610261193,-0.010463383897388073,0.84593837535014,0.48070656410196394
25-1064,"Geography Teachers, Postsecondary",25,0.13,imputed,,-0.024449257189528062,0.7353760445682451,0.8241666666666665,4.296666666666666,0.02024854700019252,-0.014751452999807485,0.9117647058823529,0.5418815814626685
25-1065,"Political Science Teachers, Postsecondary",25,0.13,imputed,,0.009438132136111443,0.3816155988857939,0.735,3.94,0.011942188932576148,-0.023057811067423856,0.9663865546218487,0.4570311029704361
25-1066,"Psychology Teachers, Postsecondary",25,0.13,imputed,,0.014187479399532243,0.3259052924791086,0.7475,3.99,0.008451911573514437,-0.026548088426485567,0.9803921568627451,0.4511148820252335
25-1067,"Sociology Teachers, Postsecondary",25,0.13,imputed,,-0.022234846059372315,0.7228412256267409,0.8600000000000001,4.44,0.02194243954709374,-0.013057560452906264,0.8879551820728291,0.5447615224362725
25-1069,"Social Sciences Teachers, Postsecondary, All Other",25,0.13,imputed,,-0.00905463431434761,0.5793871866295265,0.5,,0.0007131641649060771,-0.034286835835093926,0.9943977591036415,0.44203710119145156
25-1071,"Health Specialties Teachers, Postsecondary",25,0.13,imputed,,0.01492016717626754,0.31058495821727017,0.7233333333333333,3.893333333333333,0.027171458937164106,-0.007828541062835898,0.7787114845938375,0.41175704766586296
25-1072,"Nursing Instructors and Teachers, Postsecondary",25,0.13,imputed,,0.04917608263935014,0.07103064066852371,0.8025,4.21,0.00865763039416656,-0.026342369605833443,0.9775910364145658,0.4134697835958896
25-1081,"Education Teachers, Postsecondary",25,0.13,imputed,,-0.00023462617494274252,0.49442896935933145,0.6783333333333333,3.7133333333333334,0.010647291107798607,-0.024352708892201397,0.9719887955182073,0.46626744653293073
25-1082,"Library Science Teachers, Postsecondary",25,0.13,imputed,,-0.034757937694941066,0.8161559888579387,0.8041666666666667,4.216666666666667,0.022406750225027583,-0.01259324977497242,0.8837535014005602,0.5488358896483384
25-1111,"Criminal Justice and Law Enforcement Teachers, Postsecondary",25,0.13,imputed,,-0.017595935234027693,0.6880222841225627,0.6841666666666667,3.736666666666667,0.02753540807058008,-0.0074645919294199226,0.7633053221288515,0.47514192181050696
25-1112,"Law Teachers, Postsecondary",25,0.13,imputed,,0.024012750419584616,0.21587743732590525,0.6908333333333333,3.763333333333333,0.014702048427430281,-0.020297951572569722,0.9565826330532213,0.4113712157564976
25-1113,"Social Work Teachers, Postsecondary",25,0.13,imputed,,-0.00011323746475977448,0.4902506963788301,0.7450000000000001,3.9800000000000004,0.011431458305686482,-0.023568541694313522,0.969187675070028,0.48167829053627026
25-1121,"Art, Drama, and Music Teachers, Postsecondary",25,0.13,imputed,,-0.0011399621546095418,0.5,0.5641666666666666,3.2566666666666664,0.019791694634946122,-0.015208305365053881,0.9187675070028011,0.43085679271708677
25-1122,"Communications Teachers, Postsecondary",25,0.13,imputed,,0.0015635841243413218,0.4777158774373259,0.7033333333333333,3.813333333333333,0.02050143522055703,-0.014498564779442974,0.9061624649859944,0.4593008785686976
25-1123,"English Language and Literature Teachers, Postsecondary",25,0.13,imputed,,-0.02387942537071619,0.7311977715877438,0.7116666666666668,3.846666666666667,0.019691661684309025,-0.015308338315690978,0.9201680672268908,0.5141814310682491
25-1124,"Foreign Language and Literature Teachers, Postsecondary",25,0.13,imputed,,-0.035773821417058205,0.8231197771587744,0.5416666666666666,3.1666666666666665,0.018487012100742772,-0.01651298789925723,0.9327731092436975,0.4919565884849762
25-1125,"History Teachers, Postsecondary",25,0.13,imputed,,-0.012434580643271298,0.6239554317548747,0.8625,4.45,0.02015381961700502,-0.014846180382994983,0.9131652661064426,0.5293908762669413
25-1126,"Philosophy and Religion Teachers, Postsecondary",25,0.13,imputed,,-0.017187839692420215,0.6824512534818942,0.6224999999999999,3.4899999999999998,0.015895748532552822,-0.01910425146744718,0.9495798319327731,0.4865522254862948
25-1192,"Family and Consumer Sciences Teachers, Postsecondary",25,0.13,imputed,,0.04177462833903811,0.1058495821727019,0.5691666666666667,3.276666666666667,0.008604881207271431,-0.026395118792728572,0.9789915966386554,0.36231032259700535
25-1193,"Recreation and Fitness Studies Teachers, Postsecondary",25,0.13,imputed,,-0.03738046526730188,0.8314763231197771,0.6916666666666668,3.766666666666667,0.026374554891713142,-0.008625445108286861,0.8025210084033614,0.5115900825511264
25-1194,"Career/Technical Education Teachers, Postsecondary",25,0.13,imputed,,0.004732988459578591,0.43732590529247906,0.6033333333333334,3.4133333333333336,0.030179370028089902,-0.004820629971910101,0.6778711484593838,0.3919791866607367
25-1199,"Postsecondary Teachers, All Other",25,0.13,imputed,,-0.028723420527469012,0.7701949860724234,0.5,,0.023574989904753485,-0.011425010095246518,0.865546218487395,0.46087092998759394
25-2011,"Preschool Teachers, Except Special Education",25,0.0074,actual,Associate's degree,0.017331634321908096,0.2813370473537604,0.38083333333333336,2.5233333333333334,0.03245117954953303,-0.0025488204504669765,0.6064425770308124,0.24540212935870728
25-2012,"Kindergarten Teachers, Except Special Education",25,0.15,actual,Bachelor's degree,-0.026258161312748385,0.7479108635097493,0.5933333333333334,3.3733333333333335,0.02497132237262889,-0.010028677627371113,0.834733893557423,0.48312559006889666
25-2021,"Elementary School Teachers, Except Special Education",25,0.0044,actual,Bachelor's degree,-0.002302004697262605,0.5069637883008357,0.5408333333333334,3.1633333333333336,0.022433412254172058,-0.012566587745827945,0.8823529411764706,0.3707140321699711
25-2022,"Middle School Teachers, Except Special and Career/Technical Education",25,0.17,actual,Bachelor's degree,0.0023534583548958654,0.4637883008356546,0.7125,3.85,0.021581666788184517,-0.013418333211815486,0.892156862745098,0.47270618957889565
25-2023,"Career/Technical Education Teachers, Middle School",25,0.26,actual,Bachelor's degree,0.05061692707777832,0.06545961002785516,0.6725,3.69,0.01942474797292082,-0.015575252027079184,0.9215686274509804,0.4234522161232181
25-2031,"Secondary School Teachers, Except Special and Career/Technical Education",25,0.0078,actual,Bachelor's degree,0.0018427926181805443,0.47353760445682447,0.6541666666666667,3.6166666666666667,0.024693309838160538,-0.010306690161839466,0.8431372549019608,0.3878397757933257
25-2032,"Career/Technical Education Teachers, Secondary School",25,0.0088,actual,Bachelor's degree,0.05330730097177794,0.05292479108635095,0.7516666666666667,4.006666666666667,0.021069163830008897,-0.013930836169991107,0.9019607843137255,0.33731574253099567
25-2051,"Special Education Teachers, Preschool",25,0.13,imputed,,0.033193316445371046,0.15598885793871864,0.6566666666666666,3.6266666666666665,0.031175616573009046,-0.003824383426990957,0.6484593837535014,0.3446333458174356
25-2052,"Special Education Teachers, Kindergarten and Elementary School",25,0.13,imputed,,0.05016632187440728,0.0696378830083565,0.5,,0.020314173891246012,-0.014685826108753991,0.907563025210084,0.3270620303831839
25-2057,"Special Education Teachers, Middle School",25,0.13,imputed,,,0.5,0.5541666666666667,3.216666666666667,,,0.5,0.3655416666666667
25-2058,"Special Education Teachers, Secondary School",25,0.13,imputed,,,0.5,0.7633333333333334,4.053333333333334,,,0.5,0.41783333333333333
25-2059,"Special Education Teachers, All Other",25,0.13,imputed,,-0.011532734592697547,0.6100278551532033,0.5783333333333333,3.313333333333333,0.03543186219221539,0.0004318621922153876,0.48459383753501406,0.39127797999422614
25-3011,"Adult Basic Education, Adult Secondary Education, and English as a Second Language Instructors",25,0.19,actual,Bachelor's degree,-0.060501307416486294,0.9178272980501393,0.5,3.0,0.018045677806785454,-0.01695432219321455,0.9397759103641457,0.5255318461646497
25-3021,Self-Enrichment Teachers,25,0.13,actual,High school diploma or equivalent,0.04559095541678193,0.08635097493036215,0.5333333333333333,3.1333333333333333,0.028516380792964036,-0.006483619207035968,0.7352941176470589,0.31289764596646463
25-3031,"Substitute Teachers, Short-Term",25,0.13,imputed,,,0.5,0.44166666666666676,2.766666666666667,,,0.5,0.33741666666666675
25-3041,Tutors,25,0.13,imputed,,,0.5,0.5966666666666667,3.3866666666666667,,,0.5,0.3761666666666667
25-3099,"Teachers and Instructors, All Other",25,0.13,imputed,,,0.5,0.5,,,,0.5,0.35200000000000004
25-4011,Archivists,25,0.76,actual,Master's degree,0.03253004651856717,0.15877437325905297,0.8191666666666666,4.276666666666666,0.03268381269085219,-0.002316187309147816,0.5938375350140056,0.6296221715705782
25-4012,Curators,25,0.0068,actual,Master's degree,-0.0015192380637389924,0.5013927576601671,0.7716666666666667,4.086666666666667,0.02923056022574566,-0.005769439774254342,0.7198879551820728,0.403898411476011
25-4013,Museum Technicians and Conservators,25,0.59,actual,Bachelor's degree,-0.008846394060795348,0.575208913649025,0.5800000000000001,3.3200000000000003,0.029401166838695092,-0.005598833161304911,0.7128851540616247,0.6029745558390487
25-4022,Librarians and Media Collections Specialists,25,0.13,imputed,,,0.5,0.6516666666666667,3.606666666666667,,,0.5,0.38991666666666674
25-4031,Library Technicians,25,0.99,actual,Postsecondary nondegree award,-0.03584789972736069,0.8245125348189415,0.5366666666666666,3.1466666666666665,0.0336943058964172,-0.0013056941035828051,0.5504201680672269,0.777632198840539
25-9021,Farm and Home Management Educators,25,0.0075,actual,Master's degree,0.0035250250803600114,0.44568245125348194,0.6425000000000001,3.5700000000000003,0.0212572890395768,-0.013742710960423205,0.8991596638655462,0.3876354398305283
25-9031,Instructional Coordinators,25,0.0042,actual,Master's degree,0.048127393029721466,0.07938718662952648,0.7291666666666666,3.9166666666666665,0.026264939530933118,-0.008735060469066885,0.8067226890756303,0.3208575073539165
25-9044,"Teaching Assistants, Postsecondary",25,0.13,imputed,,,0.5,0.6308333333333334,3.5233333333333334,,,0.5,0.3847083333333334
25-9045,"Teaching Assistants, Except Postsecondary",25,0.13,imputed,,,0.5,0.5,,,,0.5,0.35200000000000004
25-9099,"Educational Instruction and Library Workers, All Other",25,0.13,imputed,,0.015357078869588259,0.30779944289693595,0.5,,0.034176479905628554,-0.0008235200943714494,0.530812324929972,0.318181737318883
27-1011,Art Directors,27,0.023,actual,Bachelor's degree,0.04043853917849094,0.11002785515320335,0.49083333333333334,2.9633333333333334,0.030921215949238023,-0.00407878405076198,0.65406162464986,0.252023148061453
27-1012,Craft Artists,27,0.035,actual,No formal educational credential,0.020262142753015633,0.2437325905292479,0.43833333333333335,2.7533333333333334,0.029829739276540757,-0.005170260723459247,0.6918767507002801,0.2761113640442249
27-1013,"Fine Artists, Including Painters, Sculptors, and Illustrators",27,0.042,actual,Bachelor's degree,-0.004991764004711463,0.5389972144846797,0.34916666666666674,2.396666666666667,0.03276977546149684,-0.0022302245385031616,0.5896358543417367,0.30033648771486315
27-1014,Special Effects Artists and Animators,27,0.015,actual,Bachelor's degree,-0.04982666745552522,0.8844011142061281,0.6016666666666666,3.4066666666666663,0.053764586399447145,0.018764586399447142,0.051820728291316565,0.3410699987515898
27-1019,"Artists and Related Workers, All Other",27,0.0645,imputed,,0.006559195525333461,0.41364902506963785,0.5,,0.025101819442626683,-0.00989818055737332,0.8263305322128851,0.35747938484586034
27-1021,Commercial and Industrial Designers,27,0.037,actual,Bachelor's degree,0.0012432022622899108,0.479108635097493,0.6491666666666666,3.5966666666666662,0.03883115505388823,0.00383115505388823,0.35434173669467783,0.3260646541903669
27-1022,Fashion Designers,27,0.021,actual,Bachelor's degree,0.011865724889597251,0.3579387186629527,0.5775,3.31,0.00580085211254322,-0.029199147887456783,0.988795518207283,0.37268207146368293
27-1023,Floral Designers,27,0.047,actual,High school diploma or equivalent,-0.009386473191707045,0.5835654596100279,0.44333333333333336,2.7733333333333334,0.045723850359231655,0.010723850359231651,0.1736694677871149,0.2723968454234062
27-1024,Graphic Designers,27,0.082,actual,Bachelor's degree,-0.013650975435036572,0.6364902506963788,0.5083333333333333,3.033333333333333,0.03709509653581411,0.002095096535814106,0.41736694677871145,0.3497864254894158
27-1025,Interior Designers,27,0.022,actual,Bachelor's degree,0.032726812675244465,0.15738161559888575,0.6525,3.61,0.03366373655950938,-0.0013362634404906204,0.5532212885154062,0.28638451639708806
27-1026,Merchandise Displayers and Window Trimmers,27,0.48,actual,High school diploma or equivalent,0.03603043420723906,0.13509749303621166,0.37,2.48,0.043222507175098235,0.008222507175098231,0.23109243697478987,0.3461833641534608
27-1027,Set and Exhibit Designers,27,0.0055,actual,Bachelor's degree,0.0005387211639429346,0.4860724233983287,0.4208333333333334,2.6833333333333336,0.045215976907617694,0.010215976907617691,0.18627450980392157,0.23256399448358733
27-1029,"Designers, All Other",27,0.0645,imputed,,0.01656685831762017,0.2910863509749304,0.5,,0.020514465683346694,-0.014485534316653309,0.9047619047619048,0.34473155590927174
27-2011,Actors,27,0.37,actual,"Some college, no degree",0.021379367742075495,0.23398328690807801,0.23583333333333334,1.9433333333333334,,,0.5,0.32875499071494896
27-2012,Producers and Directors,27,0.022,actual,Bachelor's degree,0.02717321329951594,0.19359331476323116,0.6833333333333332,3.733333333333333,0.033699507878828916,-0.0013004921211710874,0.5490196078431373,0.30070493746245014
27-2012,Producers and Directors,27,0.022,actual,Bachelor's degree,0.02717321329951594,0.19359331476323116,0.6725,3.69,0.033699507878828916,-0.0013004921211710874,0.5490196078431373,0.2979966041291168
27-2012,Producers and Directors,27,0.022,actual,Bachelor's degree,0.02717321329951594,0.19359331476323116,0.42833333333333334,2.7133333333333334,0.033699507878828916,-0.0013004921211710874,0.5490196078431373,0.23695493746245017
27-2012,Producers and Directors,27,0.022,actual,Bachelor's degree,0.02717321329951594,0.19359331476323116,0.6016666666666667,3.4066666666666667,0.033699507878828916,-0.0013004921211710874,0.5490196078431373,0.2802882707957835
27-2021,Athletes and Sports Competitors,27,0.28,actual,No formal educational credential,0.04874505993667788,0.07660167130919215,0.6625,3.65,0.1311262439219043,0.0961262439219043,0.0,0.29294533426183844
27-2022,Coaches and Scouts,27,0.013,actual,Bachelor's degree,0.007070381126762948,0.4066852367688022,0.6483333333333334,3.5933333333333337,0.046143970134554735,0.011143970134554732,0.15966386554621848,0.2725699605190266
27-2023,"Umpires, Referees, and Other Sports Officials",27,0.98,actual,High school diploma or equivalent,-0.026836375563433212,0.7520891364902507,0.4708333333333333,2.8833333333333333,0.05500424022107753,0.020004240221077524,0.040616246498599407,0.6662185976061734
27-2031,Dancers,27,0.13,actual,No formal educational credential,-0.025194985935503622,0.7423398328690808,0.19416666666666665,1.7766666666666666,,,0.5,0.3240096332404828
27-2032,Choreographers,27,0.004,actual,High school diploma or equivalent,-0.07905124651965001,0.9540389972144847,0.3683333333333333,2.473333333333333,0.04543416047503657,0.010434160475036564,0.18207282913165268,0.3118020571459782
27-2041,Music Directors and Composers,27,0.015,actual,Bachelor's degree,0.004405627605502227,0.4401114206128134,0.48249999999999993,2.9299999999999997,0.06095405419613176,0.025954054196131754,0.022408963585434205,0.21800862866037782
27-2042,Musicians and Singers,27,0.074,actual,No formal educational credential,-0.02001343518365084,0.7075208913649025,0.5325000000000001,3.1300000000000003,,,0.5,0.3792291782729805
27-2091,"Disc Jockeys, Except Radio",27,0.0645,imputed,,,0.5,0.5,,,,0.5,0.32580000000000003
27-2099,"Entertainers and Performers, Sports and Related Workers, All Other",27,0.0645,imputed,,0.026938572331555166,0.19498607242339838,0.5,,,,0.5,0.2647972144846797
27-3011,Broadcast Announcers and Radio Disc Jockeys,27,0.1,actual,Bachelor's degree,-0.037621219407559914,0.8328690807799443,0.6749999999999999,3.6999999999999997,0.06210876864806103,0.027108768648061027,0.018207282913165312,0.37805490859296365
27-3023,"News Analysts, Reporters, and Journalists",27,0.0645,imputed,,,0.5,0.6791666666666667,3.716666666666667,,,0.5,0.3705916666666667
27-3031,Public Relations Specialists,27,0.18,actual,Bachelor's degree,0.02461224234649051,0.21169916434540392,0.5633333333333334,3.2533333333333334,0.029908081916423468,-0.005091918083576535,0.6890756302521008,0.35853451074022924
27-3041,Editors,27,0.055,actual,Bachelor's degree,-0.006170498935888724,0.552924791086351,0.6475,3.59,0.037757830274831816,0.002757830274831813,0.39495798319327735,0.3537036556962618
27-3042,Technical Writers,27,0.89,actual,Bachelor's degree,-0.01436529075092674,0.649025069637883,0.7408333333333333,3.9633333333333334,0.03639952741958585,0.0013995274195858498,0.4425770308123249,0.7373999018827587
27-3043,Writers and Authors,27,0.038,actual,Bachelor's degree,0.008411166417640059,0.3927576601671309,0.3158333333333333,2.263333333333333,0.023661553119833423,-0.01133844688016658,0.8641456582633054,0.30233171410625537
27-3043,Writers and Authors,27,0.038,actual,Bachelor's degree,0.008411166417640059,0.3927576601671309,0.5841666666666666,3.3366666666666664,0.023661553119833423,-0.01133844688016658,0.8641456582633054,0.36941504743958864
27-3091,Interpreters and Translators,27,0.38,actual,Bachelor's degree,-0.013213002688612141,0.6281337047353761,0.5816666666666667,3.3266666666666667,0.026573834264765228,-0.008426165735234775,0.7941176470588236,0.5421610546725655
27-3092,Court Reporters and Simultaneous Captioners,27,0.0645,imputed,,,0.5,0.6499999999999999,3.5999999999999996,,,0.5,0.3633
27-3099,"Media and Communication Workers, All Other",27,0.0645,imputed,,-0.00591040454150249,0.5487465181058495,0.5,,0.06939779863178108,0.03439779863178108,0.008403361344537785,0.26180980782285057
27-4011,Audio and Video Technicians,27,0.55,actual,Postsecondary nondegree award,-0.011104737058315828,0.6058495821727019,0.6591666666666667,3.6366666666666667,0.04052587507430161,0.005525875074301606,0.3081232492997199,0.552180070496165
27-4012,Broadcast Technicians,27,0.74,actual,Associate's degree,-0.05591548894769671,0.9011142061281336,0.65,3.6,0.05483301524238371,0.019833015242383706,0.04201680672268904,0.6450253622340301
27-4014,Sound Engineering Technicians,27,0.13,actual,Postsecondary nondegree award,-0.00461016981323259,0.5348189415041782,0.62,3.48,0.0360950947458516,0.0010950947458515936,0.4551820728291317,0.38224109922520544
27-4015,Lighting Technicians,27,0.0645,imputed,,,0.5,0.5,,,,0.5,0.32580000000000003
27-4021,Photographers,27,0.021,actual,High school diploma or equivalent,0.006224088702848185,0.4164345403899722,0.5308333333333334,3.1233333333333335,0.03768163009108405,0.0026816300910840474,0.396358543417367,0.2838490229239328
27-4031,"Camera Operators, Television, Video, and Film",27,0.6,actual,Bachelor's degree,0.003155123081227451,0.4512534818941504,0.5475,3.19,0.04353136877591868,0.008531368775918674,0.22408963585434172,0.5007391417569813
27-4032,Film and Video Editors,27,0.31,actual,Bachelor's degree,-0.013468425356162994,0.6337047353760445,0.6924999999999999,3.7699999999999996,-0.0011556747317921223,-0.036155674731792126,0.9971988795518207,0.573445779007982
27-4099,"Media and Communication Equipment Workers, All Other",27,0.0645,imputed,,-0.05710523509303578,0.9066852367688022,0.5,,0.00718267489292268,-0.027817325107077323,0.9859943977591037,0.48003620701762595
29-1011,Chiropractors,29,0.027,actual,Doctoral or professional degree,0.01899161027349061,0.266016713091922,0.7475,3.99,0.007562206727729226,-0.027437793272270777,0.9845938375350141,0.3985674182486365
29-1021,"Dentists, General",29,0.0044,actual,Doctoral or professional degree,0.013813678153951736,0.33008356545961004,0.7558333333333334,4.023333333333333,0.012148879787449829,-0.022851120212550174,0.9649859943977591,0.4014829455849192
29-1022,Oral and Maxillofacial Surgeons,29,0.0036,actual,Doctoral or professional degree,0.0023495378685736146,0.4651810584958217,0.8058333333333334,4.223333333333334,0.05238129491942045,0.017381294919420448,0.06442577030812324,0.30559841057871623
29-1023,Orthodontists,29,0.023,actual,Doctoral or professional degree,0.02152325954381018,0.2325905292479109,0.6074999999999999,3.4299999999999997,0.020040858040969,-0.014959141959031003,0.9145658263305322,0.34477797979916197
29-1024,Prosthodontists,29,0.055,actual,Doctoral or professional degree,0.1256174262241585,0.0027855153203342198,0.8283333333333334,4.3133333333333335,0.0496158212836284,0.0146158212836284,0.10924369747899154,0.2460269910192489
29-1029,"Dentists, All Other Specialists",29,0.0335,imputed,,0.022033308085165126,0.23119777158774368,0.5,,0.047804414177376575,0.012804414177376572,0.13585434173669464,0.20501770557805293
29-1031,Dietitians and Nutritionists,29,0.0039,actual,Bachelor's degree,0.02632384377083974,0.1991643454038997,0.7408333333333333,3.9633333333333334,0.0335773727886266,-0.0014226272113734006,0.5574229691876751,0.31021464779226454
29-1041,Optometrists,29,0.14,actual,Doctoral or professional degree,0.020122376469759562,0.24791086350974934,0.8983333333333332,4.593333333333333,0.023899398845452113,-0.01110060115454789,0.8613445378151261,0.45936718670755206
29-1051,Pharmacists,29,0.012,actual,Doctoral or professional degree,0.005635641319357676,0.4275766016713092,0.7391666666666667,3.956666666666667,0.018828727196693595,-0.016171272803306408,0.9257703081232493,0.4139725332194159
29-1071,Physician Assistants,29,0.14,actual,Master's degree,0.05068774702899348,0.06406685236768805,0.8691666666666666,4.476666666666667,0.038529283595737596,0.0035292835957375923,0.365546218487395,0.3409369699133135
29-1071,Physician Assistants,29,0.14,actual,Master's degree,0.05068774702899348,0.06406685236768805,0.7916666666666667,4.166666666666667,0.038529283595737596,0.0035292835957375923,0.365546218487395,0.32156196991331354
29-1081,Podiatrists,29,0.0046,actual,Doctoral or professional degree,0.002685041524689513,0.45961002785515326,0.7400000000000001,3.9600000000000004,0.02441139905571399,-0.010588600944286014,0.8501400560224089,0.40628301397439204
29-1122,Occupational Therapists,29,0.0035,actual,Master's degree,0.03591133411343583,0.13649025069637888,0.7658333333333334,4.0633333333333335,0.02474820615316209,-0.010251793846837914,0.8417366946778712,0.3464168876742898
29-1122,Occupational Therapists,29,0.0035,actual,Master's degree,0.03591133411343583,0.13649025069637888,0.6200000000000001,3.4800000000000004,0.02474820615316209,-0.010251793846837914,0.8417366946778712,0.3099585543409565
29-1123,Physical Therapists,29,0.021,actual,Doctoral or professional degree,0.022610412061857543,0.22562674094707524,0.7525,4.01,0.02448587683326564,-0.010514123166734363,0.8473389355742297,0.36875118852554944
29-1124,Radiation Therapists,29,0.34,actual,Associate's degree,-0.009580998144496644,0.5877437325905293,0.7550000000000001,4.0200000000000005,0.041114932139489246,0.006114932139489243,0.2899159663865546,0.4857861414760891
29-1125,Recreational Therapists,29,0.0028,actual,Bachelor's degree,-0.032683901374267355,0.798050139275766,0.5833333333333334,3.3333333333333335,0.04219595765648965,0.007195957656489643,0.25770308123249297,0.3452188233733605
29-1126,Respiratory Therapists,29,0.066,actual,Associate's degree,0.010871312555373214,0.36490250696378834,0.7833333333333334,4.133333333333334,0.048898491713640135,0.013898491713640132,0.1204481792717087,0.3132810616168473
29-1127,Speech-Language Pathologists,29,0.0064,actual,Master's degree,0.03220233312875287,0.1615598885793872,0.8558333333333332,4.423333333333333,0.028390115589914444,-0.006609884410085559,0.7380952380952381,0.3595445967634965
29-1128,Exercise Physiologists,29,0.0335,imputed,,0.034738367066271314,0.137883008356546,0.7166666666666667,3.8666666666666667,0.015392951468588878,-0.019607048531411125,0.9509803921568627,0.3627903271615053
29-1129,"Therapists, All Other",29,0.0335,imputed,,0.09557994539927339,0.005571030640668551,0.6908333333333334,3.7633333333333336,0.06632924818690977,0.03132924818690977,0.011204481792717047,0.1889032117303746
29-1129,"Therapists, All Other",29,0.0335,imputed,,0.09557994539927339,0.005571030640668551,0.6441666666666667,3.5766666666666667,0.06632924818690977,0.03132924818690977,0.011204481792717047,0.17723654506370792
29-1131,Veterinarians,29,0.038,actual,Doctoral or professional degree,0.02401248359559105,0.21727019498607247,0.7266666666666666,3.9066666666666663,0.044439240250426115,0.009439240250426112,0.20028011204481788,0.27036272247060383
29-1141,Registered Nurses,29,0.0335,imputed,,0.019520001634062645,0.26044568245125344,0.7925000000000002,4.170000000000001,0.04304425102142795,0.008044251021427945,0.2366946778711485,0.299118338170923
29-1141,Registered Nurses,29,0.0335,imputed,,0.019520001634062645,0.26044568245125344,0.725,3.9,0.04304425102142795,0.008044251021427945,0.2366946778711485,0.28224333817092295
29-1141,Registered Nurses,29,0.0335,imputed,,0.019520001634062645,0.26044568245125344,0.8816666666666668,4.526666666666667,0.04304425102142795,0.008044251021427945,0.2366946778711485,0.32141000483758964
29-1141,Registered Nurses,29,0.0335,imputed,,0.019520001634062645,0.26044568245125344,0.7916666666666667,4.166666666666667,0.04304425102142795,0.008044251021427945,0.2366946778711485,0.2989100048375896
29-1141,Registered Nurses,29,0.0335,imputed,,0.019520001634062645,0.26044568245125344,0.7816666666666665,4.126666666666666,0.04304425102142795,0.008044251021427945,0.2366946778711485,0.29641000483758956
29-1151,Nurse Anesthetists,29,0.0335,imputed,,0.025306544457906144,0.20612813370473537,0.8783333333333332,4.513333333333333,0.05144126342706734,0.016441263427067337,0.08123249299719892,0.2863938340238602
29-1161,Nurse Midwives,29,0.0335,imputed,,0.03440870418005426,0.14345403899721454,0.8183333333333334,4.273333333333333,0.036041080269181736,0.0010410802691817322,0.45658263305322133,0.3151615360907595
29-1171,Nurse Practitioners,29,0.0335,imputed,,0.08743712150212879,0.011142061281337101,0.8525,4.41,0.03213631961343877,-0.002863680386561235,0.6162464985994398,0.3211903870461834
29-1181,Audiologists,29,0.0033,actual,Doctoral or professional degree,0.0038226906168521424,0.4415041782729805,0.7833333333333334,4.133333333333334,0.025027185490363424,-0.00997281450963658,0.830532212885154,0.4100340009207026
29-1211,Anesthesiologists,29,0.0335,imputed,,,0.5,0.835,4.34,,,0.5,0.39715
29-1212,Cardiologists,29,0.0335,imputed,,,0.5,0.5,,,,0.5,0.3134
29-1213,Dermatologists,29,0.0335,imputed,,,0.5,0.7200000000000001,3.8800000000000003,,,0.5,0.3684
29-1214,Emergency Medicine Physicians,29,0.0335,imputed,,,0.5,0.8966666666666667,4.586666666666667,,,0.5,0.4125666666666667
29-1215,Family Medicine Physicians,29,0.0335,imputed,,,0.5,0.7733333333333334,4.093333333333334,,,0.5,0.38173333333333337
29-1216,General Internal Medicine Physicians,29,0.0335,imputed,,,0.5,0.8616666666666666,4.446666666666666,,,0.5,0.40381666666666666
29-1217,Neurologists,29,0.0335,imputed,,,0.5,0.8975,4.59,,,0.5,0.412775
29-1218,Obstetricians and Gynecologists,29,0.0335,imputed,,,0.5,0.8491666666666666,4.3966666666666665,,,0.5,0.40069166666666667
29-1221,"Pediatricians, General",29,0.0335,imputed,,,0.5,0.7158333333333333,3.8633333333333333,,,0.5,0.36735833333333334
29-1222,"Physicians, Pathologists",29,0.0335,imputed,,,0.5,0.8574999999999999,4.43,,,0.5,0.402775
29-1223,Psychiatrists,29,0.0335,imputed,,,0.5,0.7533333333333332,4.013333333333333,,,0.5,0.3767333333333333
29-1224,Radiologists,29,0.0335,imputed,,,0.5,0.8291666666666666,4.316666666666666,,,0.5,0.39569166666666666
29-1229,"Physicians, All Other",29,0.0335,imputed,,,0.5,0.815,4.26,,,0.5,0.39215
29-1229,"Physicians, All Other",29,0.0335,imputed,,,0.5,0.9275,4.71,,,0.5,0.420275
29-1229,"Physicians, All Other",29,0.0335,imputed,,,0.5,0.9358333333333333,4.743333333333333,,,0.5,0.42235833333333334
29-1229,"Physicians, All Other",29,0.0335,imputed,,,0.5,0.8474999999999999,4.39,,,0.5,0.400275
29-1229,"Physicians, All Other",29,0.0335,imputed,,,0.5,0.8049999999999999,4.22,,,0.5,0.38965
29-1229,"Physicians, All Other",29,0.0335,imputed,,,0.5,0.8266666666666667,4.306666666666667,,,0.5,0.3950666666666667
29-1241,"Ophthalmologists, Except Pediatric",29,0.0335,imputed,,,0.5,0.9016666666666666,4.6066666666666665,,,0.5,0.41381666666666667
29-1242,"Orthopedic Surgeons, Except Pediatric",29,0.0335,imputed,,,0.5,0.5,,,,0.5,0.3134
29-1243,Pediatric Surgeons,29,0.0335,imputed,,,0.5,0.5,,,,0.5,0.3134
29-1249,"Surgeons, All Other",29,0.0335,imputed,,,0.5,0.5,,,,0.5,0.3134
29-1291,Acupuncturists,29,0.0335,imputed,,,0.5,0.68,3.72,,,0.5,0.3584
29-1292,Dental Hygienists,29,0.0335,imputed,,,0.5,0.6708333333333334,3.6833333333333336,,,0.5,0.35610833333333336
29-1299,"Healthcare Diagnosing or Treating Practitioners, All Other",29,0.0335,imputed,,,0.5,0.8200000000000001,4.28,,,0.5,0.3934
29-1299,"Healthcare Diagnosing or Treating Practitioners, All Other",29,0.0335,imputed,,,0.5,0.7408333333333333,3.9633333333333334,,,0.5,0.3736083333333334
29-2031,Cardiovascular Technologists and Technicians,29,0.23,actual,Associate's degree,0.015431799606056451,0.30640668523676884,0.7441666666666666,3.9766666666666666,0.039336132709781424,0.004336132709781421,0.3431372549019608,0.39079359194931457
29-2032,Diagnostic Medical Sonographers,29,0.35,actual,Associate's degree,0.03444815120790223,0.14206128133704732,0.6900000000000001,3.7600000000000002,0.04006919914043694,0.005069199140436936,0.3221288515406162,0.3892315839985019
29-2033,Nuclear Medicine Technologists,29,0.13,actual,Associate's degree,-0.01368837255308697,0.637883008356546,0.6516666666666667,3.606666666666667,0.04195362743720854,0.006953627437208537,0.26890756302521013,0.3828294027917574
29-2034,Radiologic Technologists and Technicians,29,0.0335,imputed,,0.016466035625317677,0.29526462395543174,0.5558333333333333,3.223333333333333,0.04516492188914212,0.010164921889142114,0.1876750700280112,0.23956251862862132
29-2035,Magnetic Resonance Imaging Technologists,29,0.0335,imputed,,0.01707737010776933,0.28412256267409475,0.75,4.0,0.041664877555662505,0.006664877555662502,0.27450980392156865,0.29890098312305424
29-2036,Medical Dosimetrists,29,0.0335,imputed,,,0.5,0.8366666666666667,4.346666666666667,,,0.5,0.3975666666666667
29-2042,Emergency Medical Technicians,29,0.0335,imputed,,,0.5,0.5,,,,0.5,0.3134
29-2043,Paramedics,29,0.0335,imputed,,,0.5,0.5,,,,0.5,0.3134
29-2051,Dietetic Technicians,29,0.13,actual,Associate's degree,-0.008654937142176355,0.5738161559888579,0.7575000000000001,4.03,0.04363748632223707,0.00863748632223707,0.21988795518207283,0.3891214244750825
29-2052,Pharmacy Technicians,29,0.92,actual,High school diploma or equivalent,0.01745841025035233,0.2785515320334262,0.7308333333333333,3.9233333333333333,0.04603997098501167,0.011039970985011666,0.16386554621848737,0.6309984716727918
29-2053,Psychiatric Technicians,29,0.043,actual,Postsecondary nondegree award,0.11919272473781084,0.004178272980501441,0.5650000000000001,3.2600000000000002,0.03053767571993693,-0.004462324280063074,0.6652661064425771,0.25907557056248687
29-2055,Surgical Technologists,29,0.34,actual,Postsecondary nondegree award,0.009208424141941673,0.383008356545961,0.5458333333333334,3.1833333333333336,0.04935929179343468,0.014359291793434675,0.11484593837535018,0.3662868953988281
29-2056,Veterinary Technologists and Technicians,29,0.029,actual,Associate's degree,0.02767068429818198,0.19080779944289694,0.6841666666666667,3.736666666666667,0.04723071690567915,0.012230716905679145,0.14425770308123254,0.24244188201743094
29-2057,Ophthalmic Medical Technicians,29,0.0335,imputed,,0.04298483116316909,0.10167130919220058,0.6475,3.59,0.03016964449185866,-0.004830355508141343,0.680672268907563,0.29771010217457455
29-2061,Licensed Practical and Licensed Vocational Nurses,29,0.058,actual,Postsecondary nondegree award,-0.011217819820694364,0.607242339832869,0.7383333333333333,3.953333333333333,0.05190621740175527,0.01690621740175527,0.07282913165266103,0.3401561710478063
29-2072,Medical Records Specialists,29,0.0335,imputed,,,0.5,0.5,,,,0.5,0.3134
29-2081,"Opticians, Dispensing",29,0.71,actual,High school diploma or equivalent,0.002511886544759978,0.4623955431754875,0.7874999999999999,4.1499999999999995,0.03779426160130761,0.002794261601307607,0.3921568627450981,0.6321776380468622
29-2091,Orthotists and Prosthetists,29,0.0035,actual,Master's degree,0.00882302092364129,0.38718662952646243,0.75,4.0,0.01809684902166242,-0.016903150978337583,0.938375350140056,0.4070936284263009
29-2092,Hearing Aid Specialists,29,0.0335,imputed,,0.05631797686442397,0.04596100278551529,0.6074999999999999,3.4299999999999997,0.02548549363219621,-0.009514506367803793,0.819327731092437,0.2973663602209686
29-2099,"Health Technologists and Technicians, All Other",29,0.0335,imputed,,0.05531593763082876,0.05013927576601673,0.8058333333333332,4.223333333333333,0.030886465134532637,-0.0041135348654673665,0.6554621848739496,0.32320551621762905
29-2099,"Health Technologists and Technicians, All Other",29,0.0335,imputed,,0.05531593763082876,0.05013927576601673,0.6291666666666665,3.516666666666666,0.030886465134532637,-0.0041135348654673665,0.6554621848739496,0.2790388495509624
29-2099,"Health Technologists and Technicians, All Other",29,0.0335,imputed,,0.05531593763082876,0.05013927576601673,0.7508333333333332,4.003333333333333,0.030886465134532637,-0.0041135348654673665,0.6554621848739496,0.30945551621762907
29-9021,Health Information Technologists and Medical Registrars,29,0.0335,imputed,,,0.5,0.5,,,,0.5,0.3134
29-9091,Athletic Trainers,29,0.0071,actual,Bachelor's degree,0.018158934775530877,0.27437325905292476,0.6575000000000001,3.6300000000000003,0.04401045307505824,0.009010453075058239,0.21148459383753504,0.25381234088621524
29-9092,Genetic Counselors,29,0.0335,imputed,,0.051016823792615185,0.05988857938718661,0.7641666666666667,4.056666666666667,0.03748779638477062,0.0024877963847706186,0.4005602240896359,0.27650341615754936
29-9093,Surgical Assistants,29,0.0335,imputed,,,0.5,0.6433333333333334,3.5733333333333337,,,0.5,0.34923333333333334
29-9099,"Healthcare Practitioners and Technical Workers, All Other",29,0.0335,imputed,,0.009887196370179652,0.37743732590529244,0.7683333333333333,4.073333333333333,0.027756131559188324,-0.007243868440811679,0.757703081232493,0.39462626069926576
31-1131,Nursing Assistants,31,0.54,imputed,,,0.5,0.605,3.42,,,0.5,0.54225
31-1132,Orderlies,31,0.54,imputed,,,0.5,0.4541666666666666,2.8166666666666664,,,0.5,0.5045416666666667
31-1133,Psychiatric Aides,31,0.54,imputed,,,0.5,0.5725000000000001,3.2900000000000005,,,0.5,0.534125
31-2011,Occupational Therapy Assistants,31,0.028,actual,Associate's degree,0.026668563088417363,0.1963788300835655,0.68,3.72,0.022745150229460664,-0.012254849770539339,0.8795518207282913,0.3524085391259568
31-2012,Occupational Therapy Aides,31,0.27,actual,High school diploma or equivalent,-0.07955450205682002,0.9554317548746518,0.6166666666666667,3.466666666666667,0.04423440203145801,0.009234402031458006,0.20448179271708689,0.48392528654916006
31-2021,Physical Therapist Assistants,31,0.018,actual,Associate's degree,0.025517270989627194,0.20473537604456826,0.7058333333333332,3.823333333333333,0.025177801317769477,-0.009822198682230526,0.8249299719887955,0.3483449043405663
31-2022,Physical Therapist Aides,31,0.61,actual,High school diploma or equivalent,0.002668821621522932,0.46100278551532037,0.6008333333333334,3.4033333333333338,0.03569198629589021,0.0006919862958902068,0.47198879551820727,0.5572072097641285
31-9011,Massage Therapists,31,0.54,actual,Postsecondary nondegree award,-0.008886934924884682,0.5766016713091922,0.5258333333333334,3.1033333333333335,0.04830080504559864,0.013300805045598635,0.13305322128851538,0.48273665078844913
31-9091,Dental Assistants,31,0.51,actual,Postsecondary nondegree award,0.01851292692919193,0.2688022284122563,0.6291666666666668,3.516666666666667,0.03383143257897525,-0.001168567421024752,0.5406162464985995,0.49614454932390784
31-9092,Medical Assistants,31,0.3,actual,Postsecondary nondegree award,0.028098648373434898,0.1866295264623955,0.8474999999999999,4.39,0.04216896943808468,0.007168969438084677,0.2591036414565826,0.40806645151096643
31-9093,Medical Equipment Preparers,31,0.78,actual,High school diploma or equivalent,0.04840385762189037,0.07799442896935938,0.7874999999999999,4.1499999999999995,0.041531914615254406,0.006531914615254403,0.2801120448179272,0.5664906925165609
31-9094,Medical Transcriptionists,31,0.89,actual,Postsecondary nondegree award,-0.03605867728497825,0.8259052924791086,0.75,4.0,0.019843851870324558,-0.015156148129675445,0.9173669467787114,0.8462861005126285
31-9095,Pharmacy Aides,31,0.72,actual,High school diploma or equivalent,0.009610617402648902,0.3802228412256268,0.5433333333333333,3.1733333333333333,0.04770889965076286,0.012708899650762856,0.1386554621848739,0.5206762209061897
31-9096,Veterinary Assistants and Laboratory Animal Caretakers,31,0.86,actual,High school diploma or equivalent,0.05079953928742342,0.06128133704735372,0.6975000000000001,3.7900000000000005,0.04988956880958817,0.014889568809588166,0.10224089635854339,0.5459674018632522
31-9097,Phlebotomists,31,0.54,imputed,,0.019627639563342347,0.2576601671309192,0.7358333333333332,3.943333333333333,0.035905339426966165,0.0009053394269661619,0.4607843137254902,0.5206080138183407
31-9099,"Healthcare Support Workers, All Other",31,0.54,imputed,,0.03039416989353083,0.17688022284122562,0.6258333333333334,3.5033333333333334,0.03809557508130568,0.0030955750813056737,0.3795518207282913,0.4647671510108221
31-9099,"Healthcare Support Workers, All Other",31,0.54,imputed,,0.03039416989353083,0.17688022284122562,0.7066666666666667,3.8266666666666667,0.03809557508130568,0.0030955750813056737,0.3795518207282913,0.4849754843441555
33-1011,First-Line Supervisors of Correctional Officers,33,0.025,actual,High school diploma or equivalent,0.028794777288617457,0.18245125348189417,0.7783333333333333,4.113333333333333,0.03055594207657175,-0.004444057923428252,0.6638655462184874,0.3406534159624853
33-1012,First-Line Supervisors of Police and Detectives,33,0.0044,actual,High school diploma or equivalent,0.04105496154540722,0.10863509749303624,0.7675000000000001,4.07,0.027003838294804572,-0.007996161705195431,0.7829131652661064,0.3327989942885232
33-1021,First-Line Supervisors of Firefighting and Prevention Workers,33,0.0036,actual,Postsecondary nondegree award,0.06003161120431266,0.04038997214484674,0.7225,3.89,0.027234975967326713,-0.00776502403267329,0.7759103641456583,0.3065295490508181
33-1091,First-Line Supervisors of Security Workers,33,0.34,imputed,,,0.5,0.6408333333333333,3.563333333333333,,,0.5,0.4712083333333333
33-1099,"First-Line Supervisors of Protective Service Workers, All Other",33,0.34,imputed,,-0.17361344634078069,0.9986072423398329,0.5,,0.050390945983529445,0.015390945983529442,0.0980392156862745,0.47542733082090777
33-2011,Firefighters,33,0.17,actual,Postsecondary nondegree award,0.010511233719290303,0.36908077994428967,0.68,3.72,0.025794943097859235,-0.009205056902140768,0.8151260504201681,0.43408506355188314
33-2021,Fire Inspectors and Investigators,33,0.48,actual,Postsecondary nondegree award,0.013887377953516022,0.32869080779944293,0.7466666666666667,3.986666666666667,0.029600154877986284,-0.005399845122013719,0.6988795518207283,0.5492367609996646
33-2022,Forest Fire Inspectors and Prevention Specialists,33,0.048,actual,High school diploma or equivalent,0.038780046674299795,0.12116991643454034,0.6374999999999998,3.5499999999999994,0.04306024831290012,0.008060248312900115,0.23529411764705888,0.23810310093396686
33-3011,Bailiffs,33,0.36,actual,High school diploma or equivalent,-0.012475464189704688,0.6253481894150418,0.6333333333333333,3.533333333333333,0.030780769033784683,-0.0042192309662153205,0.6582633053221288,0.526142467014661
33-3012,Correctional Officers and Jailers,33,0.6,actual,High school diploma or equivalent,-0.012322356400337409,0.6211699164345403,0.6608333333333333,3.643333333333333,0.037124072837314115,0.0021240728373141116,0.4145658263305322,0.5916271905698212
33-3021,Detectives and Criminal Investigators,33,0.34,actual,High school diploma or equivalent,0.01451503154509326,0.31754874651810583,0.7908333333333333,4.163333333333333,0.022618776629866444,-0.01238122337013356,0.8809523809523809,0.5293609397798117
33-3021,Detectives and Criminal Investigators,33,0.34,actual,High school diploma or equivalent,0.01451503154509326,0.31754874651810583,0.7708333333333333,4.083333333333333,0.022618776629866444,-0.01238122337013356,0.8809523809523809,0.5243609397798117
33-3021,Detectives and Criminal Investigators,33,0.34,actual,High school diploma or equivalent,0.01451503154509326,0.31754874651810583,0.8300000000000001,4.32,0.022618776629866444,-0.01238122337013356,0.8809523809523809,0.5391526064464783
33-3031,Fish and Game Wardens,33,0.08,actual,Bachelor's degree,-0.0065118385456997,0.5571030640668524,0.6975000000000001,3.7900000000000005,0.03412456754463333,-0.0008754324553666704,0.5322128851540616,0.3976275455864798
33-3041,Parking Enforcement Workers,33,0.84,actual,High school diploma or equivalent,0.016507812097698693,0.2938718662952646,0.7483333333333334,3.9933333333333336,0.027973244474217562,-0.007026755525782441,0.7478991596638656,0.6940425805419661
33-3051,Police and Sheriff's Patrol Officers,33,0.098,actual,High school diploma or equivalent,0.001973454978694278,0.47075208913649025,0.7591666666666665,4.036666666666666,0.027728037626248758,-0.007271962373751245,0.7591036414565826,0.4370076307124521
33-3051,Police and Sheriff's Patrol Officers,33,0.098,actual,High school diploma or equivalent,0.001973454978694278,0.47075208913649025,0.8233333333333333,4.293333333333333,0.027728037626248758,-0.007271962373751245,0.7591036414565826,0.45304929737911875
33-3052,Transit and Railroad Police,33,0.57,actual,High school diploma or equivalent,-0.002576558038586696,0.50974930362117,0.7983333333333333,4.193333333333333,0.030394690575908268,-0.004605309424091736,0.669467787114846,0.6299533621247942
33-9011,Animal Control Workers,33,0.21,actual,High school diploma or equivalent,-0.00011830120146505418,0.49164345403899723,0.7908333333333333,4.163333333333333,0.033392189487884805,-0.0016078105121151987,0.561624649859944,0.46428072162012435
33-9021,Private Detectives and Investigators,33,0.31,actual,High school diploma or equivalent,0.019927250273364283,0.24930362116991645,0.7983333333333333,4.193333333333333,0.008194690715669806,-0.026805309284330198,0.9817927170868347,0.5207129651303418
33-9031,Gambling Surveillance Officers and Gambling Investigators,33,0.95,actual,High school diploma or equivalent,-0.010223061492985241,0.5988857938718664,0.81,4.24,0.03362529365087097,-0.0013747063491290346,0.5560224089635855,0.7856805201189111
33-9032,Security Guards,33,0.84,actual,High school diploma or equivalent,0.020386326735144955,0.24233983286908078,0.7950000000000002,4.180000000000001,0.04103394213952849,0.0060339421395284865,0.2955182072829131,0.6275456976662531
33-9091,Crossing Guards and Flaggers,33,0.49,actual,No formal educational credential,0.024084272767926018,0.21448467966573814,0.40083333333333326,2.603333333333333,0.04446129841884505,0.009461298418845049,0.19887955182072825,0.3689372020395902
33-9092,"Lifeguards, Ski Patrol, and Other Recreational Protective Service Workers",33,0.67,actual,No formal educational credential,0.012558694817824234,0.3481894150417827,0.5191666666666667,3.0766666666666667,0.05047347111690037,0.015473471116900367,0.09523809523809523,0.4817152639607375
33-9093,Transportation Security Screeners,33,0.34,imputed,,0.015200597244025671,0.30919220055710306,0.4716666666666667,2.8866666666666667,0.06326103310898756,0.02826103310898756,0.01680672268907568,0.3182761151814486
33-9094,School Bus Monitors,33,0.34,imputed,,,0.5,0.5,,,,0.5,0.436
33-9099,"Protective Service Workers, All Other",33,0.34,imputed,,-0.07605829175298806,0.9442896935933147,0.8258333333333334,4.303333333333334,0.04787656110120175,0.01287656110120175,0.134453781512605,0.5514843392788872
35-1011,Chefs and Head Cooks,35,0.1,actual,High school diploma or equivalent,0.06515016655122752,0.027855153203342642,0.5208333333333334,3.0833333333333335,0.03575124607836577,0.0007512460783657693,0.47058823529411764,0.24636759926811952
35-1012,First-Line Supervisors of Food Preparation and Serving Workers,35,0.63,actual,High school diploma or equivalent,0.03454798439441986,0.1392757660167131,0.5416666666666666,3.1666666666666665,0.035436859113844976,0.0004368591138449729,0.4831932773109243,0.4877508114666479
35-2011,"Cooks, Fast Food",35,0.81,actual,No formal educational credential,0.03989345897382268,0.11142061281337046,0.36916666666666664,2.4766666666666666,0.05242660951360256,0.01742660951360256,0.06302521008403361,0.4480295707419459
35-2012,"Cooks, Institution and Cafeteria",35,0.83,actual,No formal educational credential,0.013938246997995396,0.3272980501392758,0.5633333333333334,3.2533333333333334,0.04620264485474168,0.011202644854741678,0.1568627450980392,0.5618223551258944
35-2013,"Cooks, Private Household",35,0.3,actual,Postsecondary nondegree award,0.13263686615079617,0.0013927576601671099,0.4408333333333333,2.763333333333333,0.038379879673059,0.0033798796730589997,0.3711484593837535,0.2861591537729298
35-2014,"Cooks, Restaurant",35,0.96,actual,No formal educational credential,0.007202640590443066,0.403899721448468,0.22249999999999998,1.89,0.04969891397257431,0.014698913972574307,0.10644257703081228,0.5363713308443154
35-2015,"Cooks, Short Order",35,0.94,actual,No formal educational credential,-0.016558106239901837,0.6727019498607243,0.3983333333333333,2.5933333333333333,0.05313297120498861,0.018132971204988607,0.05882352941176472,0.6189472527172429
35-2019,"Cooks, All Other",35,0.845,imputed,,0.005895171979574121,0.42339832869080785,0.5,,0.03699273586676033,0.0019927358667603257,0.4201680672268907,0.6107048758221952
35-2021,Food Preparation Workers,35,0.87,actual,No formal educational credential,0.013310818082671316,0.3356545961002786,0.3616666666666667,2.4466666666666668,0.051503458696043225,0.01650345869604322,0.07843137254901966,0.5173122917690753
35-3011,Bartenders,35,0.77,actual,No formal educational credential,0.026119699889122217,0.20055710306406682,0.4866666666666667,2.9466666666666668,0.06195511678198318,0.026955116781983174,0.019607843137254943,0.47271926375006834
35-3023,Fast Food and Counter Workers,35,0.845,imputed,,,0.5,0.3224999999999999,2.2899999999999996,,,0.5,0.593625
35-3023,Fast Food and Counter Workers,35,0.845,imputed,,,0.5,0.40083333333333326,2.603333333333333,,,0.5,0.6132083333333332
35-3031,Waiters and Waitresses,35,0.94,actual,No formal educational credential,-0.018195629258790702,0.692200557103064,0.2475,1.99,0.06469851516447722,0.02969851516447722,0.01540616246498594,0.5786260357903608
35-3041,"Food Servers, Nonrestaurant",35,0.86,actual,No formal educational credential,0.01424757626105655,0.32172701949860727,0.5091666666666667,3.0366666666666666,0.05417733229222321,0.01917733229222321,0.04761904761904767,0.5427799277092452
35-9011,Dining Room and Cafeteria Attendants and Bartender Helpers,35,0.91,actual,No formal educational credential,0.025287892982121196,0.20752089136490248,0.39416666666666667,2.5766666666666667,0.05234305728867983,0.017343057288679825,0.06582633053221287,0.5139197945194791
35-9021,Dishwashers,35,0.77,actual,No formal educational credential,-0.007917552262717398,0.5654596100278552,0.2908333333333334,2.1633333333333336,0.057554731880850474,0.02255473188085047,0.02941176470588236,0.4982120200447868
35-9031,"Hosts and Hostesses, Restaurant, Lounge, and Coffee Shop",35,0.97,actual,No formal educational credential,0.0053076395515874175,0.4331476323119777,0.41000000000000003,2.64,0.04982045402152413,0.014820454021524126,0.10364145658263302,0.5926757449497905
35-9099,"Food Preparation and Serving Related Workers, All Other",35,0.845,imputed,,0.06081984418454378,0.03899721448467963,0.5,,0.05425492071510174,0.019254920715101737,0.04621848739495793,0.4777322160061796
37-1011,First-Line Supervisors of Housekeeping and Janitorial Workers,37,0.94,actual,High school diploma or equivalent,0.021356770366214306,0.23676880222841223,0.61,3.44,0.030694374801772284,-0.004305625198227719,0.6610644257703081,0.6750134243112286
37-1012,"First-Line Supervisors of Landscaping, Lawn Service, and Groundskeeping Workers",37,0.57,actual,High school diploma or equivalent,0.03700971972207956,0.1267409470752089,0.6341666666666667,3.5366666666666666,0.02501007589226778,-0.009989924107732223,0.8319327731092436,0.536679772048095
37-2011,"Janitors and Cleaners, Except Maids and Housekeeping Cleaners",37,0.66,actual,No formal educational credential,0.003506710634928245,0.44707520891364905,0.5041666666666668,3.016666666666667,0.04256953113649087,0.007569531136490865,0.24649859943977592,0.516431498365363
37-2012,Maids and Housekeeping Cleaners,37,0.69,actual,No formal educational credential,-0.010136097052454884,0.5947075208913649,0.37,2.48,0.05452875884235109,0.019528758842351085,0.0448179271708683,0.49416419325390315
37-2019,"Building Cleaning Workers, All Other",37,0.73,imputed,,0.03366144347966027,0.1504178272980501,0.5,,0.05127853929600579,0.016278539296005784,0.08543417366946782,0.45989869151003016
37-2021,Pest Control Workers,37,0.66,actual,High school diploma or equivalent,0.04130734298258831,0.10724233983286913,0.5683333333333334,3.2733333333333334,0.029134919186108776,-0.005865080813891227,0.7240896358543417,0.5361452466780584
37-3011,Landscaping and Groundskeeping Workers,37,0.95,actual,No formal educational credential,0.006014528803071961,0.4192200557103064,0.3025,2.21,0.045654465683544254,0.01065446568354425,0.1778711484593838,0.5661496834109688
37-3012,"Pesticide Handlers, Sprayers, and Applicators, Vegetation",37,0.97,actual,High school diploma or equivalent,0.014245352718722293,0.32381615598885793,0.5916666666666667,3.3666666666666667,0.030239426053468854,-0.004760573946531149,0.6750700280112045,0.701940402066119
37-3013,Tree Trimmers and Pruners,37,0.77,actual,High school diploma or equivalent,0.03815960417212905,0.12256267409470756,0.38249999999999995,2.53,0.04726394494076036,0.012263944940760357,0.1428571428571429,0.4495661062475129
37-3019,"Grounds Maintenance Workers, All Other",37,0.73,imputed,,-0.008507078970132809,0.5710306406685237,0.5,,0.04571620744638705,0.010716207446387044,0.17647058823529416,0.5576767163689988
39-1013,First-Line Supervisors of Gambling Services Workers,39,0.54,imputed,,,0.5,0.5,3.0,,,0.5,0.516
39-1014,"First-Line Supervisors of Entertainment and Recreation Workers, Except Gambling Services",39,0.54,imputed,,,0.5,0.5,,,,0.5,0.516
39-1022,First-Line Supervisors of Personal Service Workers,39,0.54,imputed,,,0.5,0.6533333333333333,3.6133333333333333,,,0.5,0.5543333333333333
39-2011,Animal Trainers,39,0.1,actual,High school diploma or equivalent,0.03423108964046628,0.14484679665738165,0.4841666666666665,2.936666666666666,0.04197473371527183,0.006974733715271825,0.26610644257703087,0.22992699238469758
39-2021,Animal Caretakers,39,0.82,actual,High school diploma or equivalent,0.04220110075980621,0.10306406685236769,0.5375,3.15,0.05354678442304617,0.018546784423046164,0.053221288515406195,0.4909710066477845
39-3011,Gambling Dealers,39,0.96,actual,High school diploma or equivalent,-0.0138726075748411,0.6406685236768802,0.26749999999999996,2.07,0.09138719209759838,0.056387192097598376,0.004201680672268893,0.5796389568362164
39-3012,Gambling and Sports Book Writers and Runners,39,0.91,actual,High school diploma or equivalent,-0.030910196668136325,0.7883008356545961,0.4075,2.63,0.040316872003426596,0.005316872003426593,0.31512605042016806,0.6708040746939445
39-3019,"Gambling Service Workers, All Other",39,0.54,imputed,,0.05148664546002579,0.058495821727019504,0.5,,0.040878926828363804,0.005878926828363801,0.2983193277310925,0.3974470635050678
39-3021,Motion Picture Projectionists,39,0.97,actual,No formal educational credential,-0.1557169885690206,0.9944289693593314,0.3308333333333334,2.3233333333333337,0.10360016613634615,0.06860016613634615,0.0028011204481792618,0.6700142952724266
39-3031,"Ushers, Lobby Attendants, and Ticket Takers",39,0.96,actual,No formal educational credential,-0.013547660910339432,0.6350974930362117,0.3424999999999999,2.3699999999999997,0.04935930103424857,0.014359301034248567,0.11344537815126055,0.6136613053299315
39-3091,Amusement and Recreation Attendants,39,0.72,actual,No formal educational credential,0.031639883382523104,0.16713091922005574,0.4658333333333333,2.8633333333333333,0.048307945475571934,0.01330794547557193,0.13165266106442575,0.4576324163370083
39-3092,Costume Attendants,39,0.61,actual,High school diploma or equivalent,0.0011020551635689824,0.48050139275766013,0.47666666666666657,2.9066666666666663,0.046960108555339275,0.011960108555339272,0.14845938375350143,0.4815358527812239
39-3093,"Locker Room, Coatroom, and Dressing Room Attendants",39,0.43,actual,High school diploma or equivalent,-0.017525103548974408,0.6838440111420613,0.18416666666666665,1.7366666666666666,0.053406801227142475,0.018406801227142472,0.05742296918767509,0.36342391427323023
39-3099,"Entertainment Attendants and Related Workers, All Other",39,0.54,imputed,,0.036854303708624414,0.128133704735376,0.5,,0.023700230509431597,-0.011299769490568407,0.8627450980392157,0.4960385056529576
39-4011,Embalmers,39,0.54,actual,Postsecondary nondegree award,-0.0064411437272051675,0.5557103064066853,0.6933333333333334,3.7733333333333334,0.03261871176799769,-0.0023812882320023154,0.5980392156862745,0.5901812769676116
39-4012,Crematory Operators,39,0.54,imputed,,,0.5,0.5,,,,0.5,0.516
39-4021,Funeral Attendants,39,0.37,actual,High school diploma or equivalent,-0.01813767354202589,0.6908077994428969,0.4258333333333333,2.703333333333333,0.038855564783014884,0.003855564783014881,0.3529411764705882,0.4455610696925009
39-4031,"Morticians, Undertakers, and Funeral Arrangers",39,0.54,imputed,,-0.0035904468797363087,0.5250696378830084,0.6633333333333334,3.6533333333333338,0.0013334745116777569,-0.033666525488322246,0.9929971988795518,0.6357968407418678
39-5011,Barbers,39,0.8,actual,Postsecondary nondegree award,-0.041152278459291036,0.8454038997214485,0.32500000000000007,2.3000000000000003,0.05104340839217003,0.016043408392170028,0.08963585434173671,0.5837761580955503
39-5012,"Hairdressers, Hairstylists, and Cosmetologists",39,0.11,actual,Postsecondary nondegree award,-0.029577357795471215,0.775766016713092,0.49083333333333334,2.9633333333333334,0.05514831589201186,0.020148315892011853,0.037815126050420145,0.32753380558351475
39-5091,"Makeup Artists, Theatrical and Performance",39,0.01,actual,Postsecondary nondegree award,-0.04114006430540951,0.8440111420612814,0.4883333333333333,2.953333333333333,0.05130718438803772,0.016307184388037715,0.08263305322128855,0.3072805197287829
39-5092,Manicurists and Pedicurists,39,0.95,actual,Postsecondary nondegree award,0.047808951106503406,0.0807799442896936,0.19333333333333336,1.7733333333333334,0.05877338804393473,0.023773388043934723,0.026610644257703098,0.4484809188299275
39-5093,Shampooers,39,0.79,actual,No formal educational credential,-0.07301180541575214,0.9387186629526463,0.37416666666666665,2.4966666666666666,0.05380046577599762,0.018800465775997616,0.050420168067226934,0.6048484244672799
39-5094,Skincare Specialists,39,0.29,actual,Postsecondary nondegree award,0.05311046085412752,0.05431754874651806,0.4866666666666667,2.9466666666666668,0.05204642886347388,0.017046428863473878,0.0714285714285714,0.259244462130256
39-6011,Baggage Porters and Bellhops,39,0.83,actual,High school diploma or equivalent,-0.05496234204657868,0.8969359331476323,0.5583333333333332,3.233333333333333,0.052324147831768864,0.01732414783176886,0.0672268907563025,0.6610545535763052
39-6012,Concierges,39,0.21,actual,High school diploma or equivalent,0.03971583334884432,0.11281337047353757,0.5783333333333333,3.313333333333333,0.034392853742901686,-0.0006071462570983177,0.5280112044817927,0.33034768810030973
39-9011,Childcare Workers,39,0.084,actual,High school diploma or equivalent,-0.01199041960079017,0.6155988857938719,0.45833333333333337,2.8333333333333335,0.05172954642402838,0.01672954642402838,0.07422969187675066,0.2824375642736203
39-9011,Childcare Workers,39,0.084,actual,High school diploma or equivalent,-0.01199041960079017,0.6155988857938719,0.3933333333333334,2.5733333333333337,0.05172954642402838,0.01672954642402838,0.07422969187675066,0.26618756427362034
39-9031,Exercise Trainers and Group Fitness Instructors,39,0.085,actual,High school diploma or equivalent,0.006565888351269589,0.41225626740947074,0.42833333333333334,2.7133333333333334,0.023413150513604597,-0.011586849486395406,0.8697478991596639,0.3539967716891771
39-9032,Recreation Workers,39,0.0061,actual,High school diploma or equivalent,-0.00916967719306594,0.5807799442896936,0.71,3.84,0.04497675496334819,0.009976754963348183,0.19327731092436973,0.32508758549659417
39-9041,Residential Advisors,39,0.064,actual,High school diploma or equivalent,-0.03450766837645647,0.8119777158774373,0.6466666666666666,3.5866666666666664,0.05635429568367201,0.021354295683672003,0.03361344537815125,0.3547042266488768
39-9099,"Personal Care and Service Workers, All Other",39,0.54,imputed,,0.0034762189325598936,0.44846796657381616,0.5,,0.05128217854209516,0.016282178542095155,0.08403361344537819,0.44329863533157
41-1011,First-Line Supervisors of Retail Sales Workers,41,0.28,actual,High school diploma or equivalent,-0.007383417752522825,0.5640668523676879,0.5008333333333334,3.0033333333333334,0.024436283046934015,-0.010563716953065988,0.8487394957983193,0.4773326281766188
41-1012,First-Line Supervisors of Non-Retail Sales Workers,41,0.075,actual,High school diploma or equivalent,-0.020346807207381357,0.7116991643454039,0.6766666666666667,3.706666666666667,0.023254259052878812,-0.011745740947121192,0.8739495798319328,0.4725989365105374
41-2011,Cashiers,41,0.97,actual,No formal educational credential,-0.022986026502318735,0.7284122562674095,0.33499999999999996,2.34,0.05218344760772431,0.017183447607724306,0.06862745098039214,0.6277265689005407
41-2012,Gambling Change Persons and Booth Cashiers,41,0.83,actual,High school diploma or equivalent,-0.0032096693795500286,0.5222841225626741,0.5933333333333334,3.3733333333333335,0.05310046666438328,0.01810046666438328,0.06022408963585435,0.5938237712912463
41-2021,Counter and Rental Clerks,41,0.97,actual,No formal educational credential,-0.008902095416578715,0.5779944289693593,0.6916666666666668,3.766666666666667,0.05603966200732602,0.021039662007326015,0.03501400560224088,0.6817676533008747
41-2022,Parts Salespersons,41,0.98,actual,No formal educational credential,0.008309703132769686,0.3955431754874652,0.6566666666666667,3.626666666666667,0.03659776761845279,0.001597767618452789,0.43557422969187676,0.7006114362179412
41-2031,Retail Salespersons,41,0.92,actual,No formal educational credential,-0.018688008444617377,0.6949860724233983,0.46499999999999997,2.86,0.04022307361736055,0.005223073617360546,0.31932773109243695,0.6711463741485453
41-3011,Advertising Sales Agents,41,0.54,actual,High school diploma or equivalent,-0.05184397855471534,0.8899721448467967,0.5641666666666666,3.2566666666666664,0.03510705771880973,0.0001070577188097277,0.4943977591036415,0.6091957595015722
41-3021,Insurance Sales Agents,41,0.92,actual,High school diploma or equivalent,0.02839421525393493,0.1852367688022284,0.5633333333333334,3.2533333333333334,0.02640969260636572,-0.008590307393634283,0.7997198879551821,0.6658386702870563
41-3031,"Securities, Commodities, and Financial Services Sales Agents",41,0.016,actual,Bachelor's degree,0.023574538335126904,0.21866295264623958,0.7174999999999999,3.8699999999999997,0.014377978364265687,-0.020622021635734317,0.9593837535014006,0.373415153554458
41-3041,Travel Agents,41,0.099,actual,High school diploma or equivalent,-0.03255926100573936,0.7966573816155988,0.6791666666666667,3.716666666666667,0.03583646979785793,0.000836469797857925,0.4635854341736695,0.4382609581158369
41-3091,"Sales Representatives of Services, Except Advertising, Insurance, Financial Services, and Travel",41,0.855,imputed,,,0.5,0.5,,,,0.5,0.642
41-4011,"Sales Representatives, Wholesale and Manufacturing, Technical and Scientific Products",41,0.25,actual,Bachelor's degree,-0.013388439787814677,0.6309192200557103,0.38750000000000007,2.5500000000000003,0.03862738959432965,0.0036273895943296497,0.36274509803921573,0.3774706087170245
41-4011,"Sales Representatives, Wholesale and Manufacturing, Technical and Scientific Products",41,0.25,actual,Bachelor's degree,-0.013388439787814677,0.6309192200557103,0.6408333333333333,3.563333333333333,0.03862738959432965,0.0036273895943296497,0.36274509803921573,0.4408039420503578
41-4012,"Sales Representatives, Wholesale and Manufacturing, Except Technical and Scientific Products",41,0.85,actual,High school diploma or equivalent,-0.012293422402436471,0.6183844011142061,0.6233333333333334,3.4933333333333336,0.024893791210335303,-0.0101062087896647,0.8361344537815126,0.7449303816234014
41-9011,Demonstrators and Product Promoters,41,0.51,actual,High school diploma or equivalent,-0.03240000915473795,0.7952646239554317,0.4341666666666667,2.736666666666667,0.04604482812043775,0.01104482812043775,0.16246498599439774,0.49596433935691275
41-9012,Models,41,0.98,actual,No formal educational credential,0.019149009155088326,0.26323119777158777,0.1975,1.79,0.1267736578957699,0.09177365789576988,0.0014005602240896309,0.49423132358793104
41-9021,Real Estate Brokers,41,0.97,actual,High school diploma or equivalent,0.019322207278713588,0.26183844011142066,0.6825000000000001,3.7300000000000004,0.008829222997058572,-0.02617077700294143,0.9761904761904762,0.7574212594508556
41-9022,Real Estate Sales Agents,41,0.86,actual,High school diploma or equivalent,0.030438264490144862,0.1740947075208914,0.6333333333333333,3.533333333333333,0.017125357355982196,-0.017874642644017807,0.9439775910364145,0.6787489134929738
41-9031,Sales Engineers,41,0.0041,actual,Bachelor's degree,-0.033456969136211656,0.8036211699164345,0.6033333333333334,3.4133333333333336,0.026171954790931373,-0.00882804520906863,0.8081232492997199,0.4344160547115783
41-9041,Telemarketers,41,0.99,actual,No formal educational credential,-0.1372006845879088,0.9902506963788301,0.6875,3.75,0.03920786867041981,0.0042078686704198065,0.34593837535014005,0.817815895578287
41-9091,"Door-to-Door Sales Workers, News and Street Vendors, and Related Workers",41,0.94,actual,No formal educational credential,-0.1609824298749699,0.9958217270194986,0.38583333333333336,2.5433333333333334,0.03649162303179443,0.0014916230317944257,0.43977591036414565,0.7375890652918549
41-9099,"Sales and Related Workers, All Other",41,0.855,imputed,,-0.0037900415083447214,0.5264623955431755,0.5,,0.05403651480421301,0.019036514804213006,0.0490196078431373,0.5796454202851057
43-1011,First-Line Supervisors of Office and Administrative Support Workers,43,0.014,actual,High school diploma or equivalent,-0.00400014693573314,0.5278551532033426,0.7633333333333334,4.053333333333334,0.031023756345094355,-0.003976243654905648,0.6512605042016807,0.39969343960425396
43-2011,"Switchboard Operators, Including Answering Service",43,0.96,actual,High school diploma or equivalent,-0.09987262435421052,0.967966573816156,0.48749999999999993,2.9499999999999997,0.044010753575787875,0.009010753575787872,0.2100840336134454,0.730980919805248
43-2021,Telephone Operators,43,0.97,actual,High school diploma or equivalent,-0.05667034285980865,0.9052924791086351,0.6608333333333333,3.643333333333333,0.01921739756462726,-0.015782602435372745,0.9229691876750701,0.8727122073063209
43-2099,"Communications Equipment Operators, All Other",43,0.945,imputed,,-0.0768329847317929,0.947075208913649,0.5,,0.05255429968669034,0.01755429968669034,0.06162464985994398,0.7016587392617214
43-3011,Bill and Account Collectors,43,0.95,actual,High school diploma or equivalent,-0.06345880234105084,0.9275766016713092,0.5641666666666666,3.2566666666666664,0.03631308108457021,0.0013130810845702057,0.4509803921568627,0.7742040458244579
43-3021,Billing and Posting Clerks,43,0.96,actual,High school diploma or equivalent,-0.021140803432294186,0.7172701949860725,0.6766666666666667,3.706666666666667,0.037306236205644216,0.002306236205644213,0.40896358543417366,0.7579652434790073
43-3031,"Bookkeeping, Accounting, and Auditing Clerks",43,0.98,actual,"Some college, no degree",-0.015317963935990941,0.6615598885793872,0.6583333333333333,3.6333333333333333,0.03495672188125143,-4.3278118748574235e-05,0.5042016806722689,0.764525563150051
43-3041,Gambling Cage Workers,43,0.39,actual,High school diploma or equivalent,-0.014821713527078284,0.6545961002785515,0.5508333333333333,3.203333333333333,0.0452731792355614,0.010273179235561397,0.1834733893557423,0.45214856179240503
43-3051,Payroll and Timekeeping Clerks,43,0.97,actual,High school diploma or equivalent,0.008800055454315281,0.38997214484679665,0.7191666666666667,3.876666666666667,0.03741569099673714,0.0024156909967371354,0.40476190476190477,0.7065003813503118
43-3061,Procurement Clerks,43,0.98,actual,High school diploma or equivalent,-0.028031634850270937,0.7632311977715878,0.6675,3.67,0.027948647391987214,-0.00705135260801279,0.7492997198879552,0.8239161975375109
43-3071,Tellers,43,0.98,actual,High school diploma or equivalent,-0.04903639493576306,0.8802228412256268,0.6941666666666667,3.776666666666667,0.0497876332859597,0.014787633285959695,0.10504201680672265,0.7573425374328004
43-3099,"Financial Clerks, All Other",43,0.945,imputed,,0.0225951275516727,0.22701949860724235,0.5,,0.03735122001310276,0.002351220013102756,0.4061624649859944,0.6093282694693476
43-4011,Brokerage Clerks,43,0.98,actual,High school diploma or equivalent,-0.05921692375638621,0.915041782729805,0.6224999999999999,3.4899999999999998,0.04386783628190183,0.008867836281901825,0.2142857142857143,0.7627762136888182
43-4021,Correspondence Clerks,43,0.86,actual,High school diploma or equivalent,-0.03386501876354919,0.807799442896936,0.6808333333333333,3.723333333333333,0.030420537212959786,-0.004579462787040217,0.6680672268907564,0.775978305946334
43-4031,"Court, Municipal, and License Clerks",43,0.46,actual,High school diploma or equivalent,0.03388696786177703,0.14763231197771587,0.6958333333333333,3.783333333333333,0.03508289183021862,8.289183021861768e-05,0.4957983193277311,0.46185454362803624
43-4041,"Credit Authorizers, Checkers, and Clerks",43,0.97,actual,High school diploma or equivalent,-0.12229673457369428,0.9846796657381616,0.7433333333333333,3.973333333333333,0.03407283299236785,-0.0009271670076321514,0.5350140056022409,0.8510213673213018
43-4051,Customer Service Representatives,43,0.55,actual,High school diploma or equivalent,-0.014314308223685068,0.6462395543175488,0.7241666666666666,3.8966666666666665,0.035604310877628276,0.0006043108776282724,0.4733893557422969,0.601297980891521
43-4061,"Eligibility Interviewers, Government Programs",43,0.7,actual,High school diploma or equivalent,0.016725897328262684,0.28690807799442897,0.7991666666666666,4.196666666666666,0.02721157122395579,-0.007788428776044215,0.7773109243697479,0.6537699209210146
43-4071,File Clerks,43,0.97,actual,High school diploma or equivalent,-0.05610648141224317,0.9025069637883009,0.8183333333333334,4.273333333333333,0.04362949814993655,0.008629498149936549,0.22128851540616246,0.8062780034019179
43-4081,"Hotel, Motel, and Resort Desk Clerks",43,0.94,actual,High school diploma or equivalent,0.00035022836736442464,0.4888579387186629,0.6191666666666666,3.4766666666666666,0.050802304690495514,0.01580230469049551,0.09243697478991597,0.6424288006288866
43-4111,"Interviewers, Except Eligibility and Loan",43,0.94,actual,High school diploma or equivalent,-0.03703115171151372,0.83008356545961,0.825,4.3,0.041576062208993125,0.006576062208993122,0.27871148459383754,0.7900734357809975
43-4121,"Library Assistants, Clerical",43,0.95,actual,High school diploma or equivalent,-0.005633922104622102,0.5431754874651811,0.5808333333333334,3.3233333333333337,0.04484629770452453,0.009846297704524526,0.196078431372549,0.663255195532252
43-4131,Loan Interviewers and Clerks,43,0.92,actual,High school diploma or equivalent,-0.042060466909797034,0.8467966573816156,0.7225,3.89,0.03489346864577314,-0.0001065313542268631,0.5070028011204482,0.7940347516443903
43-4141,New Accounts Clerks,43,0.99,actual,High school diploma or equivalent,-0.016795425283751553,0.6754874651810585,0.48250000000000004,2.93,0.042064224355355284,0.007064224355355281,0.26050420168067223,0.6907981232883126
43-4151,Order Clerks,43,0.98,actual,High school diploma or equivalent,-0.10161202893676691,0.9707520891364902,0.8183333333333334,4.273333333333333,0.04350629310350951,0.008506293103509505,0.22549019607843135,0.8245572805723961
43-4161,"Human Resources Assistants, Except Payroll and Timekeeping",43,0.9,actual,Associate's degree,-0.04507501978818074,0.862116991643454,0.7766666666666666,4.1066666666666665,0.033027852847089534,-0.0019721471529104695,0.5770308123249299,0.813144686844097
43-4171,Receptionists and Information Clerks,43,0.96,actual,High school diploma or equivalent,-0.019355643515922116,0.6991643454038997,0.5158333333333333,3.063333333333333,0.03821065973051274,0.0032106597305127382,0.37675070028011204,0.7093038074561301
43-4181,Reservation and Transportation Ticket Agents and Travel Clerks,43,0.61,actual,High school diploma or equivalent,-0.01509872441752369,0.6573816155988859,0.6608333333333333,3.643333333333333,0.025077157123131855,-0.009922842876868149,0.8277310924369747,0.6648443203186567
43-4199,"Information and Record Clerks, All Other",43,0.945,imputed,,-0.019823934747478456,0.701949860724234,0.5,,0.029880846404320538,-0.005119153595679465,0.6904761904761905,0.7469614007162754
43-5011,Cargo and Freight Agents,43,0.99,actual,High school diploma or equivalent,0.00814254539779502,0.3983286908077994,0.5750000000000001,3.3000000000000003,0.03147316407426781,-0.0035268359257321913,0.6288515406162465,0.7137434692539969
43-5011,Cargo and Freight Agents,43,0.99,actual,High school diploma or equivalent,0.00814254539779502,0.3983286908077994,0.745,3.98,0.03147316407426781,-0.0035268359257321913,0.6288515406162465,0.7562434692539969
43-5021,Couriers and Messengers,43,0.94,actual,High school diploma or equivalent,-0.013925962777302181,0.6448467966573816,0.5191666666666667,3.0766666666666667,0.04247542387246894,0.007475423872468939,0.25210084033613445,0.6725761520485631
43-5031,Public Safety Telecommunicators,43,0.49,actual,High school diploma or equivalent,0.010883860471242901,0.3635097493036211,0.8208333333333333,4.283333333333333,0.03940778109354959,0.004407781093549584,0.3389355742296919,0.5247506193285114
43-5032,"Dispatchers, Except Police, Fire, and Ambulance",43,0.96,actual,High school diploma or equivalent,0.00208107582296857,0.4665738161559888,0.5983333333333333,3.393333333333333,0.03529293523043453,0.00029293523043452674,0.4901960784313726,0.700427508329237
43-5041,"Meter Readers, Utilities",43,0.85,actual,High school diploma or equivalent,-0.0751431997024502,0.9428969359331476,0.6616666666666666,3.6466666666666665,0.03127748892476667,-0.0037225110752333312,0.6372549019607843,0.7895842891474137
43-5051,Postal Service Clerks,43,0.95,actual,High school diploma or equivalent,-0.009528527738888015,0.584958217270195,0.5916666666666667,3.3666666666666667,0.028365862446008805,-0.006634137553991198,0.7394957983193278,0.7558326798686049
43-5052,Postal Service Mail Carriers,43,0.68,actual,High school diploma or equivalent,-0.0057687764619885895,0.5473537604456824,0.3125,2.25,0.02733879877552914,-0.007661201224470865,0.7717086834733894,0.5753520546101449
43-5053,"Postal Service Mail Sorters, Processors, and Processing Machine Operators",43,0.79,actual,High school diploma or equivalent,0.0018743764498658777,0.47214484679665736,0.44333333333333336,2.7733333333333334,0.021380139032191714,-0.01361986096780829,0.8949579831932774,0.6555060001716564
43-5061,"Production, Planning, and Expediting Clerks",43,0.88,actual,High school diploma or equivalent,0.015576537206857033,0.3050139275766016,0.6583333333333333,3.6333333333333333,0.03150434966829341,-0.0034956503317065957,0.6274509803921569,0.6717037659074773
43-5071,"Shipping, Receiving, and Inventory Clerks",43,0.98,actual,High school diploma or equivalent,0.031919462988801994,0.16573816155988863,0.5683333333333334,3.2733333333333334,0.042495333018794046,0.007495333018794043,0.2507002801120448,0.6048360076621178
43-5111,"Weighers, Measurers, Checkers, and Samplers, Recordkeeping",43,0.95,actual,High school diploma or equivalent,-0.029712404742097576,0.7785515320334262,0.7633333333333334,4.053333333333334,0.048895723287594395,0.013895723287594391,0.12324929971988796,0.7450310346980018
43-6011,Executive Secretaries and Executive Administrative Assistants,43,0.86,actual,High school diploma or equivalent,-0.030321499327049195,0.7827298050139275,0.6325,3.53,0.03656234188160945,0.001562341881609447,0.438375350140056,0.7244272635237939
43-6012,Legal Secretaries and Administrative Assistants,43,0.98,actual,High school diploma or equivalent,-0.017533365090126596,0.6852367688022284,0.7625,4.05,0.027779153050219385,-0.007220846949780618,0.7563025210084033,0.8331177319117062
43-6013,Medical Secretaries and Administrative Assistants,43,0.81,actual,High school diploma or equivalent,0.07347333739075435,0.0236768802228412,0.7374999999999999,3.9499999999999997,0.03377732679395895,-0.0012226732060410528,0.5448179271708684,0.5948330651201985
43-6014,"Secretaries and Administrative Assistants, Except Legal, Medical, and Executive",43,0.96,actual,High school diploma or equivalent,-0.03342147041593435,0.8022284122562674,0.5691666666666667,3.276666666666667,0.03792466628545221,0.00292466628545221,0.3879551820728291,0.7449306264288446
43-9021,Data Entry Keyers,43,0.99,actual,High school diploma or equivalent,-0.04462631931289962,0.8593314763231198,0.7883333333333333,4.153333333333333,0.03631520968722235,0.0013152096872223462,0.44817927170868344,0.8321765193542598
43-9022,Word Processors and Typists,43,0.81,actual,High school diploma or equivalent,-0.05784630348079223,0.9094707520891365,0.6208333333333332,3.483333333333333,0.03144260958485812,-0.0035573904151418867,0.6302521008403361,0.7556402988772111
43-9031,Desktop Publishers,43,0.16,actual,Associate's degree,-0.1533184911099763,0.9930362116991643,0.5783333333333333,3.313333333333333,0.04108382079952144,0.006083820799521439,0.2913165266106442,0.45088805466476284
43-9041,Insurance Claims and Policy Processing Clerks,43,0.98,actual,High school diploma or equivalent,-0.0348055111171961,0.8175487465181058,0.6825000000000001,3.7300000000000004,0.03304077830813612,-0.0019592216918638827,0.5742296918767507,0.8122692030851338
43-9051,"Mail Clerks and Mail Machine Operators, Except Postal Service",43,0.94,actual,High school diploma or equivalent,-0.06153709929412832,0.9192200557103064,0.44166666666666676,2.766666666666667,0.03818474384255399,0.0031847438425539887,0.37815126050420167,0.7269833668843583
43-9061,"Office Clerks, General",43,0.96,actual,High school diploma or equivalent,-0.026413542808225166,0.7493036211699164,0.5783333333333333,3.313333333333333,0.040317891319332944,0.00531789131933294,0.3137254901960784,0.7255028810967283
43-9071,"Office Machine Operators, Except Computer",43,0.92,actual,High school diploma or equivalent,-0.0898667162837905,0.9610027855153204,0.4708333333333333,2.8833333333333333,0.032587547720521304,-0.0024124522794786996,0.5994397759103641,0.7678248568229521
43-9081,Proofreaders and Copy Markers,43,0.84,actual,Bachelor's degree,-0.10323398470292522,0.9721448467966574,0.6216666666666666,3.4866666666666664,0.0389110618772921,0.0039110618772920935,0.35014005602240894,0.7383666444293595
43-9111,Statistical Assistants,43,0.66,actual,Bachelor's degree,-0.11423384074211718,0.9777158774373259,0.8,4.2,0.015092978445937932,-0.01990702155406207,0.9523809523809523,0.802400318344608
43-9199,"Office and Administrative Support Workers, All Other",43,0.945,imputed,,-0.0031621298076108806,0.520891364902507,0.5,,0.03802741442679736,0.0030274144267973535,0.3851540616246498,0.6649513822241989
45-1011,"First-Line Supervisors of Farming, Fishing, and Forestry Workers",45,0.57,actual,High school diploma or equivalent,0.03619166895302972,0.13231197771587744,0.59,3.36,0.030622411216569168,-0.004377588783430836,0.6624649859943977,0.5013321434423351
45-2011,Agricultural Inspectors,45,0.94,actual,Bachelor's degree,0.012170588919998337,0.35376044568245124,0.6900000000000001,3.7600000000000002,0.025711623760420688,-0.009288376239579316,0.8165266106442577,0.7417310807331289
45-2021,Animal Breeders,45,0.95,actual,High school diploma or equivalent,-0.06693051990449472,0.9303621169916434,0.5216666666666666,3.0866666666666664,0.04083572997511853,0.005835729975118525,0.30112044817927175,0.7416571572918862
45-2041,"Graders and Sorters, Agricultural Products",45,0.41,actual,No formal educational credential,-0.05783812384809928,0.9080779944289694,0.48249999999999993,2.9299999999999997,0.04645690757086873,0.01145690757086873,0.15546218487394958,0.4895599266168864
45-2091,Agricultural Equipment Operators,45,0.8300000000000001,imputed,,0.01286816499593213,0.34540389972144847,0.5233333333333333,3.0933333333333333,0.04269356387791956,0.007693563877919557,0.2450980392156863,0.5686788191599761
45-2092,"Farmworkers and Laborers, Crop, Nursery, and Greenhouse",45,0.8300000000000001,imputed,,-0.011268842663989642,0.6086350974930362,0.5341666666666667,3.1366666666666667,0.051653445050048985,0.01665344505004898,0.07563025210084029,0.5986132239804001
45-2093,"Farmworkers, Farm, Ranch, and Aquacultural Animals",45,0.8300000000000001,imputed,,-0.01994785755576911,0.7033426183844012,0.5749999999999998,3.2999999999999994,0.04504847098799525,0.010048470987995245,0.1918767507002801,0.6452000362819222
45-2099,"Agricultural Workers, All Other",45,0.8300000000000001,imputed,,-0.08222165773251733,0.958217270194986,0.5,,0.041051857833574124,0.00605185783357412,0.2941176470588235,0.6927611010978207
45-4011,Forest and Conservation Workers,45,0.87,actual,High school diploma or equivalent,-0.03041046442960904,0.7841225626740947,0.5675,3.27,0.048666194547783315,0.013666194547783311,0.12605042016806722,0.6656070755600292
45-4021,Fallers,45,0.76,actual,High school diploma or equivalent,-0.05584642777415372,0.8997214484679665,0.20500000000000002,1.82,0.023559403582669836,-0.011440596417330168,0.8669467787114846,0.6652363065003161
45-4022,Logging Equipment Operators,45,0.79,actual,High school diploma or equivalent,-0.02820629176205325,0.7646239554317549,0.37749999999999995,2.51,0.03488284492328586,-0.00011715507671414271,0.5084033613445378,0.6395602952880317
45-4023,Log Graders and Scalers,45,0.97,actual,High school diploma or equivalent,-0.011546357839136157,0.6114206128133705,0.6558333333333334,3.6233333333333335,0.029174460274155045,-0.005825539725844958,0.7226890756302521,0.7826458172405452
45-4029,"Logging Workers, All Other",45,0.8300000000000001,imputed,,-0.10410998991454778,0.9735376044568245,0.5,,0.03732022643482247,0.0023202264348224644,0.40756302521008403,0.7128419746728776
47-1011,First-Line Supervisors of Construction Trades and Extraction Workers,47,0.17,actual,High school diploma or equivalent,0.044656530118406534,0.0933147632311978,0.5891666666666667,3.356666666666667,0.02948140370961916,-0.005518596290380845,0.7030812324929971,0.3394168041868558
47-1011,First-Line Supervisors of Construction Trades and Extraction Workers,47,0.17,actual,High school diploma or equivalent,0.044656530118406534,0.0933147632311978,0.5166666666666666,3.0666666666666664,0.02948140370961916,-0.005518596290380845,0.7030812324929971,0.32129180418685577
47-2011,Boilermakers,47,0.68,actual,High school diploma or equivalent,-0.04308997761117239,0.850974930362117,0.5108333333333334,3.0433333333333334,0.03432067204892819,-0.000679327951071812,0.5294117647058824,0.6493150841116391
47-2021,Brickmasons and Blockmasons,47,0.82,actual,High school diploma or equivalent,-0.027614916734197692,0.7562674094707521,0.495,2.98,0.0329160492167222,-0.002083950783277805,0.5826330532212884,0.6903984398773437
47-2022,Stonemasons,47,0.89,actual,High school diploma or equivalent,-0.06276216034840398,0.9261838440111421,0.4899999999999999,2.9599999999999995,0.04581043778571958,0.010810437785719579,0.1694677871148459,0.6891569368694553
47-2031,Carpenters,47,0.72,actual,High school diploma or equivalent,-0.009960594803159029,0.5905292479108635,0.6033333333333334,3.4133333333333336,0.03633854485310861,0.0013385448531086086,0.4467787114845938,0.6239559896381951
47-2041,Carpet Installers,47,0.87,actual,No formal educational credential,-0.08720621819452212,0.9596100278551531,0.365,2.46,0.035806678693687255,0.0008066786936872516,0.4649859943977591,0.7009199047306945
47-2042,"Floor Layers, Except Carpet, Wood, and Hard Tiles",47,0.79,actual,No formal educational credential,0.07716341014888739,0.01949860724233987,0.5116666666666667,3.046666666666667,0.040547299403391523,0.00554729940339152,0.3067226890756303,0.49382479147647923
47-2043,Floor Sanders and Finishers,47,0.87,actual,No formal educational credential,-0.02558488604252962,0.7437325905292479,0.5366666666666666,3.1466666666666665,0.03990793680454652,0.004907936804546514,0.3263305322128851,0.679862764604449
47-2044,Tile and Stone Setters,47,0.75,actual,No formal educational credential,-0.012428670825005761,0.6225626740947074,0.4008333333333334,2.6033333333333335,0.03698347131196056,0.001983471311960555,0.4229691876750701,0.5881662463035354
47-2051,Cement Masons and Concrete Finishers,47,0.94,actual,No formal educational credential,0.014505073519194944,0.31894150417827294,0.515,3.06,0.03452707491435092,-0.0004729250856490841,0.5182072829131652,0.6462693932726293
47-2053,Terrazzo Workers and Finishers,47,0.88,actual,High school diploma or equivalent,-0.11292588095886724,0.9763231197771588,0.3716666666666667,2.486666666666667,0.08742387223684278,0.05242387223684278,0.0056022408963585235,0.6410216267565523
47-2061,Construction Laborers,47,0.88,actual,No formal educational credential,0.013071797726980305,0.34122562674094703,0.6291666666666668,3.516666666666667,0.03698601183165029,0.001986011831650286,0.42156862745098034,0.6407720861325031
47-2071,"Paving, Surfacing, and Tamping Equipment Operators",47,0.83,actual,High school diploma or equivalent,-0.015823956366904923,0.6685236768802229,0.4108333333333333,2.643333333333333,0.041584128237741824,0.006584128237741821,0.2773109243697479,0.6100097073648401
47-2072,Pile Driver Operators,47,0.82,actual,High school diploma or equivalent,-0.05569286909402282,0.8983286908077994,0.5991666666666666,3.3966666666666665,0.03286716920489119,-0.0021328307951088143,0.5854341736694677,0.7452725308786468
47-2073,Operating Engineers and Other Construction Equipment Operators,47,0.95,actual,High school diploma or equivalent,0.03200307560969584,0.1643454038997214,0.6,3.4,0.032396746922755515,-0.0026032530772444884,0.6092436974789917,0.6542556354017931
47-2081,Drywall and Ceiling Tile Installers,47,0.79,actual,No formal educational credential,-0.02874837664012808,0.7715877437325905,0.3041666666666666,2.2166666666666663,0.03744545517714948,0.002445455177149475,0.4019607843137255,0.6066533330602437
47-2082,Tapers,47,0.62,actual,No formal educational credential,-0.049507908345524765,0.8816155988857939,0.18583333333333335,1.7433333333333334,0.034507823625371525,-0.000492176374628478,0.5210084033613445,0.5489327136146938
47-2111,Electricians,47,0.15,actual,High school diploma or equivalent,0.020746123608382794,0.23955431754874656,0.6325,3.53,0.027339179385519552,-0.007660820614480451,0.7703081232492998,0.3815820819971443
47-2121,Glaziers,47,0.73,actual,High school diploma or equivalent,0.019915191227843465,0.25069637883008355,0.5033333333333333,3.013333333333333,0.029811731456281798,-0.005188268543718205,0.6932773109243697,0.5719642057380054
47-2131,"Insulation Workers, Floor, Ceiling, and Wall",47,0.83,actual,No formal educational credential,0.048783523410072416,0.07520891364902504,0.3583333333333333,2.433333333333333,0.03832469458589505,0.003324694585895044,0.3739495798319328,0.49271755303792825
47-2132,"Insulation Workers, Mechanical",47,0.64,actual,High school diploma or equivalent,0.005986489947852114,0.4206128133704735,0.4125,2.65,0.03028167752177935,-0.0047183224782206545,0.6722689075630253,0.5440878988085485
47-2141,"Painters, Construction and Maintenance",47,0.75,actual,No formal educational credential,-0.0020324388385462022,0.5055710306406686,0.5366666666666666,3.1466666666666665,0.03674149387890946,0.0017414938789094558,0.427170868347339,0.5993565030469012
47-2142,Paperhangers,47,0.87,actual,No formal educational credential,-0.07838254013034773,0.9526462395543176,0.2925,2.17,0.039965014895047,0.0049650148950469986,0.3249299719887955,0.6603937437091829
47-2151,Pipelayers,47,0.62,actual,No formal educational credential,-0.019998047400425212,0.7061281337047354,0.3450000000000001,2.3800000000000003,0.03327045124072825,-0.001729548759271754,0.5672268907563025,0.5605596603543925
47-2152,"Plumbers, Pipefitters, and Steamfitters",47,0.35,actual,High school diploma or equivalent,0.008819163475112024,0.38857938718662954,0.4983333333333334,2.9933333333333336,0.03133794837470871,-0.0036620516252912905,0.6358543417366946,0.4376773620311635
47-2152,"Plumbers, Pipefitters, and Steamfitters",47,0.35,actual,High school diploma or equivalent,0.008819163475112024,0.38857938718662954,0.5924999999999999,3.3699999999999997,0.03133794837470871,-0.0036620516252912905,0.6358543417366946,0.46121902869783005
47-2161,Plasterers and Stucco Masons,47,0.84,actual,No formal educational credential,-0.0355028983071799,0.8217270194986073,0.4641666666666667,2.856666666666667,0.0385676735510192,0.003567673551019196,0.36414565826330536,0.6710089193058839
47-2171,Reinforcing Iron and Rebar Workers,47,0.9,actual,High school diploma or equivalent,-0.03996596484409998,0.8384401114206128,0.3716666666666667,2.486666666666667,0.027404246649042507,-0.007595753350957496,0.7675070028011204,0.7357307393709573
47-2181,Roofers,47,0.9,actual,No formal educational credential,0.0073942224597911554,0.40111420612813375,0.43833333333333335,2.7533333333333334,0.041052148345588124,0.006052148345588121,0.29271708683473385,0.5937137375841701
47-2211,Sheet Metal Workers,47,0.82,actual,High school diploma or equivalent,-0.013333988774844485,0.6295264623955432,0.6208333333333332,3.483333333333333,0.03672903629803903,0.0017290362980390273,0.4285714285714286,0.6733993400981563
47-2221,Structural Iron and Steel Workers,47,0.83,actual,High school diploma or equivalent,-0.017563304693132942,0.6866295264623956,0.32333333333333336,2.2933333333333334,0.027385048802629708,-0.0076149511973702955,0.76890756302521,0.665495373079594
47-2231,Solar Photovoltaic Installers,47,0.82,imputed,,0.19611655521150362,0.0,0.5458333333333334,3.1833333333333336,0.0333820281957411,-0.0016179718042589053,0.5630252100840336,0.5489121148459384
47-3011,"Helpers--Brickmasons, Blockmasons, Stonemasons, and Tile and Marble Setters",47,0.83,actual,No formal educational credential,-0.07437385964731758,0.9401114206128134,0.43666666666666665,2.7466666666666666,0.04916492418024121,0.014164924180241206,0.11904761904761907,0.6470460936463723
47-3012,Helpers--Carpenters,47,0.92,actual,No formal educational credential,-0.0583327674496914,0.9136490250696379,0.4,2.6,0.04741670621130245,0.012416706211302447,0.14145658263305327,0.6719482924088857
47-3013,Helpers--Electricians,47,0.74,actual,High school diploma or equivalent,-0.025004013144725223,0.7395543175487465,0.7416666666666667,3.966666666666667,0.042404650901927576,0.007404650901927573,0.2549019607843137,0.667562824294063
47-3014,"Helpers--Painters, Paperhangers, Plasterers, and Stucco Masons",47,0.94,actual,No formal educational credential,-0.04840159049143078,0.8746518105849582,0.29833333333333334,2.1933333333333334,0.04246905223001041,0.007469052230010403,0.2535014005602241,0.6635389055343586
47-3015,"Helpers--Pipelayers, Plumbers, Pipefitters, and Steamfitters",47,0.57,actual,High school diploma or equivalent,-0.029607819985784767,0.7771587743732591,0.3933333333333333,2.5733333333333333,0.04299024263257056,0.00799024263257056,0.23949579831932777,0.5176894579558843
47-3016,Helpers--Roofers,47,0.72,actual,No formal educational credential,-0.04992459871661259,0.8857938718662952,0.5091666666666667,3.0366666666666666,0.0516334816216133,0.016633481621613294,0.07703081232492992,0.6040050628886651
47-3019,"Helpers, Construction Trades, All Other",47,0.82,imputed,,-0.008633354268508864,0.5724233983286908,0.5,,0.048651699554944194,0.013651699554944191,0.12745098039215685,0.5866023267245618
47-4011,Construction and Building Inspectors,47,0.63,actual,High school diploma or equivalent,0.0502608748713218,0.06824512534818938,0.7233333333333333,3.893333333333333,0.030120196057957793,-0.00487980394204221,0.6834733893557423,0.5490033668063325
47-4011,Construction and Building Inspectors,47,0.63,actual,High school diploma or equivalent,0.0502608748713218,0.06824512534818938,0.7525000000000002,4.010000000000001,0.030120196057957793,-0.00487980394204221,0.6834733893557423,0.5562950334729992
47-4021,Elevator and Escalator Installers and Repairers,47,0.39,actual,High school diploma or equivalent,-0.01703261094436237,0.6782729805013927,0.6241666666666666,3.4966666666666666,0.04748168223568916,0.012481682235689157,0.14005602240896353,0.4687046661282897
47-4031,Fence Erectors,47,0.92,actual,No formal educational credential,0.005670337980667739,0.42618384401114207,0.4091666666666667,2.6366666666666667,0.04292938129700108,0.007929381297001076,0.24229691876750703,0.5918729732840212
47-4041,Hazardous Materials Removal Workers,47,0.53,actual,High school diploma or equivalent,0.023334011945786548,0.2200557103064067,0.6033333333333334,3.4133333333333336,0.026310168376094678,-0.008689831623905325,0.8053221288515406,0.5276427947223458
47-4051,Highway Maintenance Workers,47,0.87,actual,High school diploma or equivalent,0.005368253051670324,0.4303621169916435,0.5225,3.09,0.03599757349129917,0.0009975734912991696,0.45798319327731096,0.6333949023899254
47-4061,Rail-Track Laying and Maintenance Equipment Operators,47,0.89,actual,High school diploma or equivalent,0.04477132366506398,0.09052924791086348,0.5916666666666667,3.3666666666666667,0.02680685952898343,-0.008193140471016574,0.788515406162465,0.6402998271732091
47-4071,Septic Tank Servicers and Sewer Pipe Cleaners,47,0.83,actual,No formal educational credential,0.017794759808692717,0.2771587743732591,0.4883333333333333,2.953333333333333,0.03684329025835087,0.001843290258350866,0.42577030812324934,0.5733806344264726
47-5011,"Derrick Operators, Oil and Gas",47,0.8,actual,No formal educational credential,-0.009352721597915448,0.5821727019498607,0.44166666666666676,2.766666666666667,0.03404907244984745,-0.0009509275501525527,0.5364145658263305,0.6273133919305884
47-5012,"Rotary Drill Operators, Oil and Gas",47,0.53,actual,No formal educational credential,-0.04975259926155806,0.883008356545961,0.5966666666666667,3.3866666666666667,0.03487885739982732,-0.00012114260017268008,0.5098039215686274,0.614238926211153
47-5013,"Service Unit Operators, Oil and Gas",47,0.93,actual,No formal educational credential,-0.020047112776718556,0.7089136490250696,0.5383333333333334,3.1533333333333338,0.024371402521110364,-0.01062859747888964,0.8529411764705882,0.7763072396089356
47-5022,"Excavating and Loading Machine and Dragline Operators, Surface Mining",47,0.82,imputed,,,0.5,0.5341666666666667,3.1366666666666667,,,0.5,0.6365416666666667
47-5023,"Earth Drillers, Except Oil and Gas",47,0.82,imputed,,,0.5,0.45500000000000007,2.8200000000000003,,,0.5,0.61675
47-5032,"Explosives Workers, Ordnance Handling Experts, and Blasters",47,0.82,imputed,,,0.5,0.7016666666666667,3.8066666666666666,,,0.5,0.6784166666666666
47-5041,Continuous Mining Machine Operators,47,0.54,actual,No formal educational credential,-0.007042258405973945,0.5612813370473537,0.4391666666666666,2.7566666666666664,0.02568226568958787,-0.009317734310412135,0.8179271708683473,0.5607370097063895
47-5043,"Roof Bolters, Mining",47,0.82,imputed,,,0.5,0.4691666666666666,2.8766666666666665,,,0.5,0.6202916666666666
47-5044,"Loading and Moving Machine Operators, Underground Mining",47,0.82,imputed,,,0.5,0.3275,2.31,,,0.5,0.5848749999999999
47-5049,"Underground Mining Machine Operators, All Other",47,0.82,imputed,,-0.0044134072542763025,0.5306406685236769,0.5,,0.040470618503985145,0.005470618503985142,0.31092436974789917,0.6057667891669203
47-5051,"Rock Splitters, Quarry",47,0.96,actual,No formal educational credential,-0.05326185712614462,0.8927576601671309,0.3533333333333334,2.4133333333333336,0.053488889776794,0.018488889776794,0.054621848739495826,0.6590781426776839
47-5071,"Roustabouts, Oil and Gas",47,0.68,actual,No formal educational credential,-0.027872345332174087,0.7590529247910863,0.5491666666666667,3.1966666666666668,0.0292083261404672,-0.005791673859532803,0.7212885154061625,0.6692955289358083
47-5081,Helpers--Extraction Workers,47,0.37,actual,High school diploma or equivalent,-0.1163799225460278,0.979108635097493,0.6925,3.77,0.04315497147574998,0.008154971475749978,0.2324929971988795,0.5518206765993305
47-5099,"Extraction Workers, All Other",47,0.82,imputed,,-0.013892914834401582,0.6420612813370474,0.5,,0.00918772627905251,-0.025812273720947493,0.9747899159663865,0.7276307436623675
49-1011,"First-Line Supervisors of Mechanics, Installers, and Repairers",49,0.003,actual,High school diploma or equivalent,0.0391885995877701,0.11838440111420612,0.6783333333333333,3.7133333333333334,0.029939830266050738,-0.005060169733949266,0.6862745098039216,0.2974013900267628
49-2011,"Computer, Automated Teller, and Office Machine Repairers",49,0.74,actual,"Some college, no degree",-0.06217011348805079,0.9220055710306406,0.4358333333333334,2.7433333333333336,0.031755047566601746,-0.003244952433398257,0.6218487394957983,0.6826367584638312
49-2021,"Radio, Cellular, and Tower Equipment Installers and Repairers",49,0.93,actual,Associate's degree,-0.03142458970232298,0.7924791086350975,0.7075,3.83,0.031224955580060776,-0.0037750444199392275,0.645658263305322,0.8042195612228178
49-2022,"Telecommunications Equipment Installers and Repairers, Except Line Installers",49,0.36,actual,Postsecondary nondegree award,-0.06752740016787284,0.9331476323119777,0.6258333333333334,3.5033333333333334,0.026396658695799102,-0.008603341304200901,0.8011204481792717,0.6072559270226197
49-2091,Avionics Technicians,49,0.7,actual,Associate's degree,-0.0002273933616738777,0.49303621169916434,0.7258333333333334,3.9033333333333338,0.03546543124169732,0.0004654312416973172,0.48039215686274506,0.6321243992025779
49-2092,"Electric Motor, Power Tool, and Related Repairers",49,0.76,actual,Postsecondary nondegree award,-0.012678305243480459,0.6267409470752089,0.68,3.72,0.035956558317165266,0.0009565583171652625,0.4593837535014006,0.6682557524402519
49-2093,"Electrical and Electronics Installers and Repairers, Transportation Equipment",49,0.91,actual,Postsecondary nondegree award,-0.07167002137337841,0.935933147632312,0.6191666666666666,3.4766666666666666,0.04439464187927822,0.009394641879278215,0.2016806722689075,0.7362303970334653
49-2094,"Electrical and Electronics Repairers, Commercial and Industrial Equipment",49,0.41,actual,Postsecondary nondegree award,0.01268386842493352,0.3467966573816156,0.6875,3.75,0.035467178056926674,0.00046717805692667036,0.4789915966386554,0.47708307097212144
49-2095,"Electrical and Electronics Repairers, Powerhouse, Substation, and Relay",49,0.38,actual,Postsecondary nondegree award,-0.014680440960900154,0.6504178272980501,0.7266666666666667,3.9066666666666667,0.033434631832701234,-0.0015653681672987696,0.5602240896358543,0.5477838455716548
49-2096,"Electronic Equipment Installers and Repairers, Motor Vehicles",49,0.61,actual,Postsecondary nondegree award,-0.033841955695504966,0.8064066852367688,0.6416666666666666,3.5666666666666664,0.04956161202559639,0.014561612025596388,0.11204481792717091,0.5825047264030961
49-2097,Audiovisual Equipment Installers and Repairers,49,0.65,actual,Postsecondary nondegree award,-0.038677023883404216,0.8356545961002786,0.6283333333333333,3.513333333333333,0.055087885811797355,0.02008788581179735,0.039215686274509776,0.5900966054945656
49-2098,Security and Fire Alarm Systems Installers,49,0.82,actual,High school diploma or equivalent,0.02854592293503666,0.18384401114206128,0.6483333333333334,3.5933333333333337,0.03308255182141662,-0.0019174481785833863,0.5714285714285714,0.6125664212760313
49-3011,Aircraft Mechanics and Service Technicians,49,0.71,actual,Postsecondary nondegree award,0.006802312884307327,0.4094707520891365,0.7783333333333333,4.113333333333333,0.0380886439704784,0.003088643970478394,0.38095238095238093,0.6176203408940177
49-3021,Automotive Body and Related Repairers,49,0.91,actual,High school diploma or equivalent,0.007136081049067711,0.4052924791086351,0.5475,3.19,0.036444504992771964,0.001444504992771961,0.4411764705882353,0.6481099664099623
49-3022,Automotive Glass Installers and Repairers,49,0.55,actual,High school diploma or equivalent,0.004803653968072696,0.43593314763231195,0.30833333333333335,2.2333333333333334,0.04779893440977512,0.012798934409775115,0.13725490196078427,0.4048581981539134
49-3023,Automotive Service Technicians and Mechanics,49,0.59,actual,Postsecondary nondegree award,0.012031688264391383,0.35654596100278546,0.5166666666666666,3.0666666666666664,0.03706901248596872,0.0020690124859687187,0.4187675070028011,0.4992909849176439
49-3031,Bus and Truck Mechanics and Diesel Engine Specialists,49,0.73,actual,High school diploma or equivalent,0.013018526646830786,0.34261838440111425,0.6675,3.67,0.03917557517634607,0.0041755751763460636,0.3473389355742297,0.5794995172163573
49-3041,Farm Equipment Mechanics and Service Technicians,49,0.75,actual,High school diploma or equivalent,0.014245352718722293,0.32381615598885793,0.5858333333333334,3.3433333333333337,0.044675303920441944,0.009675303920441941,0.19747899159663862,0.5408434132706008
49-3042,"Mobile Heavy Equipment Mechanics, Except Engines",49,0.4,actual,High school diploma or equivalent,0.03346039468889961,0.1518105849582173,0.6916666666666668,3.766666666666667,0.03789019234184865,0.0028901923418486464,0.39075630252100846,0.4218922290364615
49-3043,Rail Car Repairers,49,0.88,actual,High school diploma or equivalent,-0.020719607505993776,0.7144846796657381,0.5333333333333333,3.1333333333333333,0.033765226678003524,-0.0012347733219964796,0.546218487394958,0.7101630423757248
49-3051,Motorboat Mechanics and Service Technicians,49,0.66,actual,High school diploma or equivalent,0.00592096879373627,0.4220055710306406,0.5616666666666666,3.2466666666666666,0.046200188490958194,0.01120018849095819,0.15826330532212884,0.5125572766711141
49-3052,Motorcycle Mechanics,49,0.79,actual,Postsecondary nondegree award,-0.01567613301997428,0.6657381615598885,0.6558333333333334,3.6233333333333335,0.04201996433440924,0.00701996433440924,0.2633053221288515,0.6526017639646388
49-3053,Outdoor Power Equipment and Other Small Engine Mechanics,49,0.93,actual,High school diploma or equivalent,0.018305031873198985,0.27158774373259054,0.5866666666666666,3.3466666666666662,0.04416579804186482,0.00916579804186482,0.20728291316526615,0.6040766523879747
49-3091,Bicycle Repairers,49,0.94,actual,High school diploma or equivalent,-0.00035165883064447456,0.4972144846796658,0.5100000000000001,3.0400000000000005,0.050382941128072956,0.015382941128072952,0.09943977591036413,0.6178588633224877
49-3092,Recreational Vehicle Service Technicians,49,0.59,actual,High school diploma or equivalent,0.016344902962625918,0.29665738161559885,0.525,3.1,0.050078010569410525,0.015078010569410522,0.10084033613445376,0.4417075267432878
49-3093,Tire Repairers and Changers,49,0.7,actual,High school diploma or equivalent,-0.004159882146817395,0.5292479108635098,0.5233333333333333,3.0933333333333333,0.04493962383841299,0.009939623838412986,0.19467787114845936,0.5458845961783042
49-9011,Mechanical Door Repairers,49,0.91,actual,High school diploma or equivalent,0.025934744270551313,0.20334261838440115,0.46499999999999997,2.86,0.04128276320935176,0.006282763209351755,0.28431372549019607,0.5635655825004097
49-9012,"Control and Valve Installers and Repairers, Except Mechanical Door",49,0.63,actual,High school diploma or equivalent,-0.009928856131800834,0.5891364902506964,0.6558333333333334,3.6233333333333335,0.04005988158312235,0.005059881583122344,0.32352941176470584,0.5823150431481785
49-9021,"Heating, Air Conditioning, and Refrigeration Mechanics and Installers",49,0.65,actual,Postsecondary nondegree award,0.03394219754053385,0.14623955431754876,0.5833333333333334,3.3333333333333335,0.037215646226952614,0.002215646226952611,0.41316526610644255,0.4970560341128095
49-9031,Home Appliance Repairers,49,0.72,actual,High school diploma or equivalent,0.004616403801491975,0.4387186629526463,0.5800000000000001,3.3200000000000003,0.045580549859419506,0.010580549859419502,0.18067226890756305,0.5478445729266638
49-9041,Industrial Machinery Mechanics,49,0.67,actual,High school diploma or equivalent,0.027969321650525902,0.18941504178272983,0.5966666666666667,3.3866666666666667,0.03447606772725309,-0.0005239322727469131,0.5224089635854341,0.5334110195610278
49-9043,"Maintenance Workers, Machinery",49,0.86,actual,High school diploma or equivalent,-0.040680556439707916,0.841225626740947,0.5183333333333334,3.0733333333333337,0.04114977300961353,0.0061497730096135295,0.28711484593837533,0.6848956855722791
49-9044,Millwrights,49,0.59,actual,High school diploma or equivalent,-0.011754158448868401,0.6128133704735377,0.6875,3.75,0.031270593385192,-0.0037294066148080007,0.6400560224089635,0.6264460774560521
49-9045,"Refractory Materials Repairers, Except Brickmasons",49,0.82,actual,High school diploma or equivalent,-0.005181905105676399,0.5403899721448469,0.45499999999999996,2.82,0.028142911250335745,-0.0068570887496642585,0.742296918767507,0.6611725322440954
49-9051,Electrical Power-Line Installers and Repairers,49,0.097,actual,High school diploma or equivalent,0.019114682975142072,0.2646239554317549,0.37583333333333335,2.5033333333333334,0.0392573332015389,0.004257333201538899,0.3445378151260504,0.23736379668859187
49-9052,Telecommunications Line Installers and Repairers,49,0.49,actual,High school diploma or equivalent,-0.02681559638838471,0.7506963788300836,0.6233333333333334,3.4933333333333336,0.03277072580964879,-0.0022292741903512103,0.5882352941176471,0.5902079032169971
49-9061,Camera and Photographic Equipment Repairers,49,0.97,actual,Associate's degree,-0.1086149041919181,0.9749303621169917,0.3933333333333333,2.5733333333333333,0.04015986320092435,0.005159863200924347,0.3207282913165266,0.7294286494542106
49-9062,Medical Equipment Repairers,49,0.27,actual,Associate's degree,0.05186138287354014,0.057103064066852394,0.6549999999999999,3.6199999999999997,0.03248629163079664,-0.0025137083692033657,0.6050420168067228,0.3739269153343789
49-9063,Musical Instrument Repairers and Tuners,49,0.91,actual,High school diploma or equivalent,-0.062460948191004007,0.924791086350975,0.4241666666666667,2.6966666666666668,0.035596702983760053,0.0005967029837600502,0.47619047619047616,0.7264284553654331
49-9064,Watch and Clock Repairers,49,0.99,actual,High school diploma or equivalent,-0.09378140418101844,0.9637883008356546,0.535,3.14,0.06754727481193923,0.032547274811939225,0.009803921568627416,0.7239782484024251
49-9069,"Precision Instrument and Equipment Repairers, All Other",49,0.715,imputed,,-0.021312692686375367,0.7214484679665738,0.5,,0.029532678184855277,-0.005467321815144727,0.7002801120448179,0.6603317104000374
49-9071,"Maintenance and Repair Workers, General",49,0.64,actual,High school diploma or equivalent,0.014376705625726016,0.32033426183844016,0.6483333333333333,3.5933333333333333,0.03944997155167673,0.004449971551676729,0.33613445378151263,0.5325703537682484
49-9081,Wind Turbine Service Technicians,49,0.715,imputed,,0.08660301578225571,0.012534818941504211,0.735,3.94,0.025076923107765436,-0.009923076892234567,0.8291316526610644,0.5966267116874605
49-9091,"Coin, Vending, and Amusement Machine Servicers and Repairers",49,0.94,actual,High school diploma or equivalent,-0.030986569547579168,0.7896935933147633,0.4950000000000001,2.9800000000000004,0.045746722604497414,0.01074672260449741,0.17226890756302526,0.6835290547974066
49-9092,Commercial Divers,49,0.18,actual,Postsecondary nondegree award,0.002932652056307994,0.4540389972144847,0.5375,3.15,0.05812579835159948,0.023125798351599475,0.02801120448179273,0.30138448011516583
49-9094,Locksmiths and Safe Repairers,49,0.77,actual,High school diploma or equivalent,-0.017099790341449483,0.681058495821727,0.64,3.56,0.03452243284284995,-0.00047756715715005504,0.5196078431372548,0.6821528756349337
49-9095,Manufactured Building and Mobile Home Installers,49,0.18,actual,High school diploma or equivalent,0.0048220481353713485,0.43454038997214484,0.5133333333333333,3.0533333333333332,0.04706779678148254,0.012067796781482537,0.1470588235294118,0.30930023485717406
49-9096,Riggers,49,0.89,actual,High school diploma or equivalent,0.010303419780285372,0.3704735376044568,0.6041666666666666,3.4166666666666665,0.03837180405362184,0.0033718040536218352,0.37254901960784315,0.6370187271287345
49-9097,Signal and Track Switch Repairers,49,0.9,actual,High school diploma or equivalent,0.017364813317270134,0.2799442896935933,0.4508333333333333,2.8033333333333332,0.0419700924219355,0.006970092421935498,0.2675070028011205,0.5688232416922201
49-9098,"Helpers--Installation, Maintenance, and Repair Workers",49,0.79,actual,High school diploma or equivalent,-0.01339203748107387,0.6323119777158774,0.5191666666666667,3.0766666666666667,0.04065660636985746,0.005656606369857459,0.303921568627451,0.6178422975039599
49-9099,"Installation, Maintenance, and Repair Workers, All Other",49,0.715,imputed,,0.016673217775291738,0.2883008356545961,0.6333333333333333,3.533333333333333,0.03249393065204087,-0.0025060693479591334,0.6022408963585435,0.592329634918034
51-1011,First-Line Supervisors of Production and Operating Workers,51,0.016,actual,High school diploma or equivalent,0.011230403137600486,0.362116991643454,0.6774999999999999,3.7099999999999995,0.025229518332094525,-0.009770481667905478,0.8221288515406162,0.3715177260597832
51-2011,"Aircraft Structure, Surfaces, Rigging, and Systems Assemblers",51,0.79,actual,High school diploma or equivalent,-0.033391741550238274,0.8008356545961003,0.6358333333333334,3.5433333333333334,0.036604685368324175,0.0016046853683241713,0.4341736694677871,0.7002515146727215
51-2021,"Coil Winders, Tapers, and Finishers",51,0.73,actual,High school diploma or equivalent,0.007448942762255939,0.39972144846796653,0.4425,2.77,0.04693346526434716,0.01193346526434716,0.14985994397759106,0.5050482812902319
51-2028,"Electrical, Electronic, and Electromechanical Assemblers, Except Coil Winders, Tapers, and Finishers",51,0.88,imputed,,-0.015470406306081652,0.6643454038997214,0.5,,0.04139266592963353,0.006392665929633529,0.28291316526610644,0.6523060555698602
51-2031,Engine and Other Machine Assemblers,51,0.82,actual,High school diploma or equivalent,-0.04863447152681144,0.8760445682451253,0.4708333333333333,2.8833333333333333,0.03530118421341011,0.00030118421341010504,0.48879551820728295,0.6942365747134509
51-2041,Structural Metal Fabricators and Fitters,51,0.41,actual,High school diploma or equivalent,-0.051995730206093826,0.8913649025069638,0.5325000000000001,3.1300000000000003,0.03791217570381544,0.0029121757038154394,0.3893557422969187,0.5338013418459306
51-2051,Fiberglass Laminators and Fabricators,51,0.88,imputed,,,0.5,0.5133333333333333,3.0533333333333332,,,0.5,0.6553333333333333
51-2061,Timing Device Assemblers and Adjusters,51,0.88,imputed,,,0.5,0.4558333333333332,2.823333333333333,,,0.5,0.6409583333333333
51-3011,Bakers,51,0.89,actual,No formal educational credential,0.03957242606938438,0.1155988857938719,0.36249999999999993,2.4499999999999997,0.04298926777400425,0.007989267774004244,0.2408963585434174,0.5058792309402871
51-3021,Butchers and Meat Cutters,51,0.93,actual,No formal educational credential,0.0029239215717407063,0.4554317548746518,0.5100000000000001,3.0400000000000005,0.03544596376508591,0.00044596376508590496,0.4817927170868347,0.6628552585379556
51-3022,"Meat, Poultry, and Fish Cutters and Trimmers",51,0.94,actual,No formal educational credential,-0.01010896269666528,0.5933147632311977,0.6316666666666667,3.526666666666667,0.0506764313737722,0.0156764313737722,0.0938375350140056,0.6666552495650071
51-3023,Slaughterers and Meat Packers,51,0.6,actual,No formal educational credential,-0.010941697592190214,0.6044568245125348,0.3416666666666667,2.3666666666666667,0.05639425136616305,0.021394251366163047,0.03221288515406162,0.4511399643422829
51-3091,"Food and Tobacco Roasting, Baking, and Drying Machine Operators and Tenders",51,0.91,actual,No formal educational credential,-0.004747591030735299,0.5362116991643454,0.6308333333333334,3.5233333333333334,0.04959436746728341,0.014594367467283403,0.11064425770308128,0.6455473118216648
51-3092,Food Batchmakers,51,0.7,actual,High school diploma or equivalent,0.012342119111647953,0.350974930362117,0.685,3.74,0.04527307323756369,0.010273073237563685,0.18487394957983194,0.5491760785093982
51-3093,Food Cooking Machine Operators and Tenders,51,0.61,actual,High school diploma or equivalent,-0.004533790702598739,0.5334261838440111,0.6483333333333334,3.5933333333333337,0.04306561779101559,0.008065617791015584,0.23389355742296913,0.547852603715581
51-3099,"Food Processing Workers, All Other",51,0.88,imputed,,0.062149628663150436,0.03621169916434541,0.5,,0.05562002661005594,0.020620026610055936,0.036414565826330514,0.4897045247068187
51-4021,"Extruding and Drawing Machine Setters, Operators, and Tenders, Metal and Plastic",51,0.91,actual,High school diploma or equivalent,-0.030571664464692394,0.786908077994429,0.5716666666666667,3.2866666666666666,0.04393401860871915,0.008934018608719146,0.21288515406162467,0.6962310553747962
51-4022,"Forging Machine Setters, Operators, and Tenders, Metal and Plastic",51,0.93,actual,High school diploma or equivalent,-0.09763105224795587,0.9665738161559888,0.515,3.06,0.03445519459088886,-0.0005448054091111432,0.5238095238095238,0.7726361918026263
51-4023,"Rolling Machine Setters, Operators, and Tenders, Metal and Plastic",51,0.83,actual,High school diploma or equivalent,-0.007945042783666034,0.5668523676880223,0.6233333333333334,3.4933333333333336,0.03873083403843802,0.003730834038438019,0.3585434173669467,0.6549853194759798
51-4031,"Cutting, Punching, and Press Machine Setters, Operators, and Tenders, Metal and Plastic",51,0.78,actual,High school diploma or equivalent,-0.01225982329014974,0.616991643454039,0.5175000000000001,3.0700000000000003,0.042538908853325896,0.007538908853325893,0.24789915966386555,0.6019582026403877
51-4032,"Drilling and Boring Machine Tool Setters, Operators, and Tenders, Metal and Plastic",51,0.94,actual,High school diploma or equivalent,-0.119431794853612,0.9818941504178273,0.6691666666666666,3.6766666666666663,0.032241822546929866,-0.0027581774530701375,0.6120448179271709,0.8314772194393077
51-4033,"Grinding, Lapping, Polishing, and Buffing Machine Tool Setters, Operators, and Tenders, Metal and Plastic",51,0.95,actual,High school diploma or equivalent,-0.009973688436607175,0.5919220055710306,0.5791666666666666,3.3166666666666664,0.039656439303885405,0.004656439303885401,0.33193277310924374,0.6929659837472594
51-4034,"Lathe and Turning Machine Tool Setters, Operators, and Tenders, Metal and Plastic",51,0.84,actual,High school diploma or equivalent,-0.07803312006454244,0.9498607242339833,0.5766666666666667,3.3066666666666666,0.035598684803950675,0.000598684803950672,0.47478991596638653,0.7413572989084213
51-4035,"Milling and Planing Machine Setters, Operators, and Tenders, Metal and Plastic",51,0.98,actual,High school diploma or equivalent,-0.061567345011816266,0.9206128133704735,0.6083333333333334,3.4333333333333336,0.035355657158312015,0.0003556571583120116,0.4873949579831933,0.801315139704907
51-4041,Machinists,51,0.65,actual,High school diploma or equivalent,-0.04084212882421301,0.8426183844011141,0.5458333333333334,3.1833333333333336,0.03943541177011767,0.004435411770117664,0.33753501400560226,0.6156122623143966
51-4051,Metal-Refining Furnace Operators and Tenders,51,0.88,actual,High school diploma or equivalent,-0.007355753796687847,0.5626740947075208,0.5508333333333333,3.203333333333333,0.04126693941247961,0.006266939412479605,0.2857142857142857,0.6451002951319803
51-4052,"Pourers and Casters, Metal",51,0.87,actual,High school diploma or equivalent,-0.0746643118361644,0.9415041782729805,0.4899999999999999,2.9599999999999995,0.04584031098667318,0.01084031098667318,0.165266106442577,0.6835907516209827
51-4061,"Model Makers, Metal and Plastic",51,0.93,actual,High school diploma or equivalent,-0.09402819219193859,0.9651810584958217,0.47416666666666674,2.896666666666667,0.026958162552030984,-0.008041837447969019,0.7857142857142857,0.8014350212229739
51-4062,"Patternmakers, Metal and Plastic",51,0.9,actual,High school diploma or equivalent,-0.09160449165082729,0.9623955431754875,0.44666666666666666,2.7866666666666666,0.03658922942851439,0.0015892294285143882,0.4369747899159664,0.7296919937891592
51-4071,Foundry Mold and Coremakers,51,0.67,actual,High school diploma or equivalent,-0.027973752453687273,0.7618384401114207,0.4458333333333333,2.783333333333333,0.04426274463054258,0.00926274463054258,0.20308123249299714,0.5622882062295671
51-4072,"Molding, Coremaking, and Casting Machine Setters, Operators, and Tenders, Metal and Plastic",51,0.95,actual,High school diploma or equivalent,-0.012319656225907472,0.6197771587743732,0.4641666666666667,2.856666666666667,0.04421869209549145,0.009218692095491449,0.20588235294117652,0.6508794513627179
51-4081,"Multiple Machine Tool Setters, Operators, and Tenders, Metal and Plastic",51,0.91,actual,High school diploma or equivalent,-0.010178800394567422,0.5974930362116992,0.7641666666666667,4.056666666666667,0.04200322396610057,0.0070032239661005635,0.2647058823529411,0.7142461562619477
51-4111,Tool and Die Makers,51,0.84,actual,High school diploma or equivalent,-0.034328222516588514,0.8091922005571031,0.4700000000000001,2.8800000000000003,0.03194526748852211,-0.0030547325114778923,0.6190476190476191,0.7081955829685634
51-4121,"Welders, Cutters, Solderers, and Brazers",51,0.94,actual,High school diploma or equivalent,0.009635018539505324,0.37883008356545966,0.3375,2.35,0.03584071732233074,0.0008407173223307363,0.46218487394957986,0.6054687478055288
51-4122,"Welding, Soldering, and Brazing Machine Setters, Operators, and Tenders",51,0.61,actual,High school diploma or equivalent,-0.014814040092238634,0.6532033426183844,0.5183333333333334,3.0733333333333337,0.03617576923144372,0.0011757692314437185,0.45378151260504207,0.5722912287477666
51-4191,"Heat Treating Equipment Setters, Operators, and Tenders, Metal and Plastic",51,0.91,actual,High school diploma or equivalent,-0.04755406769487658,0.8704735376044568,0.4933333333333333,2.973333333333333,0.03726911653037024,0.0022691165303702354,0.4117647058823529,0.7231927467365777
51-4192,"Layout Workers, Metal and Plastic",51,0.84,actual,High school diploma or equivalent,-0.04382796187567228,0.8551532033426184,0.5341666666666667,3.1366666666666667,0.04966574917422406,0.014665749174224058,0.10784313725490191,0.6567487779234256
51-4193,"Plating Machine Setters, Operators, and Tenders, Metal and Plastic",51,0.92,actual,High school diploma or equivalent,-0.029853997791510878,0.7799442896935933,0.5125000000000001,3.0500000000000003,0.03760454825397841,0.002604548253978406,0.3977591036414566,0.7117777234849372
51-4194,"Tool Grinders, Filers, and Sharpeners",51,0.88,actual,High school diploma or equivalent,-0.03275081309167116,0.7994428969359332,0.5108333333333334,3.0433333333333334,0.038423288662148725,0.0034232886621487213,0.36834733893557425,0.6948490135608563
51-4199,"Metal Workers and Plastic Workers, All Other",51,0.88,imputed,,-0.06509629094665836,0.9289693593314763,0.5,,0.03516832485089938,0.0001683248508993762,0.4915966386554622,0.7365333676646146
51-5111,Prepress Technicians and Workers,51,0.97,actual,Postsecondary nondegree award,-0.032253971070075216,0.7938718662952646,0.5325000000000001,3.1300000000000003,0.026711776012477317,-0.008288223987522686,0.7913165266106442,0.7985968522506497
51-5112,Printing Press Operators,51,0.83,actual,High school diploma or equivalent,-0.025997164169906273,0.7465181058495822,0.5916666666666667,3.3666666666666667,0.030145337090621283,-0.004854662909378721,0.6820728291316527,0.731531212206331
51-5113,Print Binding and Finishing Workers,51,0.95,actual,High school diploma or equivalent,-0.04467587275720786,0.8607242339832869,0.5083333333333333,3.033333333333333,0.0354032530736228,0.0004032530736227946,0.4859943977591037,0.7521273397938563
51-6011,Laundry and Dry-Cleaning Workers,51,0.71,actual,No formal educational credential,-0.010581472296837036,0.6030640668523677,0.26916666666666667,2.0766666666666667,0.05205282271480338,0.01705282271480338,0.07002801120448177,0.4824086817178125
51-6021,"Pressers, Textile, Garment, and Related Materials",51,0.81,actual,No formal educational credential,-0.05328099382801643,0.8941504178272981,0.31833333333333336,2.2733333333333334,0.05344472179390203,0.018444721793902025,0.05602240896358546,0.5908167782433308
51-6031,Sewing Machine Operators,51,0.89,actual,No formal educational credential,-0.036893835423679855,0.8286908077994429,0.32500000000000007,2.3000000000000003,0.0485020406596508,0.0135020406596508,0.12885154061624648,0.6223158926523257
51-6041,Shoe and Leather Workers and Repairers,51,0.52,actual,High school diploma or equivalent,-0.0209472857612214,0.7158774373259054,0.41999999999999993,2.6799999999999997,0.03979238206371605,0.004792382063716044,0.3291316526610645,0.5055452353643408
51-6042,Shoe Machine Operators and Tenders,51,0.97,actual,High school diploma or equivalent,-0.021170654415594403,0.7186629526462396,0.4866666666666667,2.9466666666666668,0.026987641762043157,-0.008012358237956846,0.7843137254901961,0.7710463160194441
51-6051,"Sewers, Hand",51,0.99,actual,No formal educational credential,-0.11979398253532159,0.9832869080779945,0.32333333333333336,2.2933333333333334,0.033675806277323916,-0.001324193722676087,0.5518207282913166,0.7562638241926297
51-6052,"Tailors, Dressmakers, and Custom Sewers",51,0.84,actual,No formal educational credential,-0.05800850753306119,0.9108635097493036,0.3141666666666666,2.2566666666666664,0.03988176939531507,0.0048817693953150665,0.32773109243697474,0.6458740324820738
51-6061,Textile Bleaching and Dyeing Machine Operators and Tenders,51,0.97,actual,High school diploma or equivalent,-0.07736396841823956,0.9484679665738162,0.5058333333333334,3.0233333333333334,0.043710235483837456,0.008710235483837453,0.2184873949579832,0.736925035891794
51-6062,"Textile Cutting Machine Setters, Operators, and Tenders",51,0.95,actual,High school diploma or equivalent,-0.054365097092182846,0.8955431754874652,0.49250000000000005,2.97,0.04299960534637792,0.00799960534637792,0.23809523809523814,0.7179479208117788
51-6063,"Textile Knitting and Weaving Machine Setters, Operators, and Tenders",51,0.73,actual,High school diploma or equivalent,-0.06710987883052655,0.9317548746518106,0.5491666666666667,3.1966666666666668,0.04229525172422366,0.007295251724223656,0.25630252100840334,0.6540880197482892
51-6064,"Textile Winding, Twisting, and Drawing Out Machine Setters, Operators, and Tenders",51,0.96,actual,High school diploma or equivalent,-0.050506616118324854,0.8871866295264624,0.4108333333333333,2.643333333333333,0.04409831962479194,0.009098319624791934,0.20868347338935578,0.6954481802470291
51-6091,"Extruding and Forming Machine Setters, Operators, and Tenders, Synthetic and Glass Fibers",51,0.88,actual,High school diploma or equivalent,-0.0479853804440048,0.8732590529247911,0.6516666666666667,3.606666666666667,0.04583051206189537,0.010830512061895364,0.16666666666666663,0.714568477251625
51-6092,Fabric and Apparel Patternmakers,51,0.0049,actual,High school diploma or equivalent,-0.07829260209868316,0.9512534818941504,0.6391666666666667,3.5566666666666666,0.054744651108418196,0.019744651108418193,0.04341736694677867,0.3585149680875135
51-6093,Upholsterers,51,0.39,actual,High school diploma or equivalent,-0.06758653306865747,0.9345403899721448,0.4075,2.63,0.04022531344928204,0.0052253134492820374,0.3179271708683473,0.4924721536246811
51-6099,"Textile, Apparel, and Furnishings Workers, All Other",51,0.88,imputed,,-0.017959244911819883,0.6894150417827298,0.5,,0.038811312628141525,0.003811312628141522,0.35574229691876746,0.6682443528943611
51-7011,Cabinetmakers and Bench Carpenters,51,0.92,actual,High school diploma or equivalent,-0.039202592397767244,0.8370473537604457,0.4833333333333334,2.9333333333333336,0.040472247107959936,0.005472247107959932,0.30952380952380953,0.702671375513994
51-7021,Furniture Finishers,51,0.87,actual,High school diploma or equivalent,-0.024696184547966293,0.7381615598885793,0.4541666666666666,2.8166666666666664,0.04250242907175905,0.007502429071759048,0.24929971988795518,0.6465689366275759
51-7031,"Model Makers, Wood",51,0.96,actual,High school diploma or equivalent,-0.12963030964344968,0.9874651810584958,0.5675,3.27,0.0276889063151875,-0.007311093684812503,0.7605042016806722,0.8374436664638001
51-7032,"Patternmakers, Wood",51,0.91,actual,High school diploma or equivalent,-0.118038668472492,0.9805013927576601,0.5325000000000001,3.1300000000000003,-0.013490392891334246,-0.04849039289133425,0.9985994397759104,0.8430151945179186
51-7041,"Sawing Machine Setters, Operators, and Tenders, Wood",51,0.86,actual,High school diploma or equivalent,-0.03457726435489683,0.8133704735376044,0.2908333333333334,2.1633333333333336,0.04889794158118543,0.01389794158118543,0.12184873949579833,0.5976597389652241
51-7042,"Woodworking Machine Setters, Operators, and Tenders, Except Sawing",51,0.97,actual,High school diploma or equivalent,-0.035285170132620114,0.818941504178273,0.40249999999999997,2.61,0.049296492787722634,0.014296492787722631,0.11624649859943981,0.6698502756255706
51-7099,"Woodworkers, All Other",51,0.88,imputed,,-0.011902691780404817,0.6142061281337048,0.5,,0.04205059244606768,0.007050592446067677,0.26190476190476186,0.6391269399124553
51-8011,Nuclear Power Reactor Operators,51,0.95,actual,High school diploma or equivalent,-0.02794125389856983,0.7604456824512535,0.8016666666666665,4.206666666666666,0.035145116645564745,0.00014511664556474124,0.49299719887955185,0.80645538298885
51-8012,Power Distributors and Dispatchers,51,0.64,actual,High school diploma or equivalent,-0.04336197800636876,0.8537604456824512,0.8200000000000001,4.28,0.03869645954313605,0.003696459543136049,0.35994397759103647,0.6857436857751458
51-8013,Power Plant Operators,51,0.85,actual,High school diploma or equivalent,-0.02060405133677934,0.713091922005571,0.5958333333333333,3.3833333333333333,0.03576390813549102,0.0007639081354910149,0.469187675070028,0.7019548689949517
51-8013,Power Plant Operators,51,0.85,actual,High school diploma or equivalent,-0.02060405133677934,0.713091922005571,0.7025,3.81,0.03576390813549102,0.0007639081354910149,0.469187675070028,0.7286215356616184
51-8013,Power Plant Operators,51,0.85,actual,High school diploma or equivalent,-0.02060405133677934,0.713091922005571,0.6416666666666666,3.5666666666666664,0.03576390813549102,0.0007639081354910149,0.469187675070028,0.7134132023282851
51-8021,Stationary Engineers and Boiler Operators,51,0.89,actual,High school diploma or equivalent,-0.016370048991039887,0.6713091922005572,0.7016666666666667,3.8066666666666666,0.04026269832049967,0.005262698320499665,0.3165266106442577,0.7131574967034167
51-8031,Water and Wastewater Treatment Plant and System Operators,51,0.61,actual,High school diploma or equivalent,0.005500226196440083,0.4289693593314763,0.7983333333333333,4.193333333333333,0.03399886119176343,-0.0010011388082365735,0.5392156862745099,0.6102595581408051
51-8091,Chemical Plant and System Operators,51,0.85,actual,High school diploma or equivalent,-0.07278151844216252,0.9373259052924792,0.5650000000000001,3.2600000000000002,0.03806025501151744,0.0030602550115174376,0.3837535014005602,0.72627820626858
51-8092,Gas Plant Operators,51,0.78,actual,High school diploma or equivalent,0.03040250951545498,0.1754874651810585,0.7291666666666666,3.9166666666666665,0.03135213278440396,-0.00364786721559604,0.634453781512605,0.6245572269297691
51-8093,"Petroleum Pump System Operators, Refinery Operators, and Gaugers",51,0.71,actual,High school diploma or equivalent,-0.0226566557690272,0.724233983286908,0.5725000000000001,3.2900000000000005,0.03626055623988966,0.0012605562398896597,0.45238095238095233,0.6398289395145245
51-8099,"Plant and System Operators, All Other",51,0.86,actual,High school diploma or equivalent,0.01985133868483402,0.2534818941504178,0.7591666666666665,4.036666666666666,0.017217517813170158,-0.017782482186829845,0.9425770308123249,0.725874600118599
51-9011,Chemical Equipment Operators and Tenders,51,0.76,actual,High school diploma or equivalent,0.07736108649123308,0.01810584958217265,0.6883333333333334,3.7533333333333334,0.02500921044980209,-0.009990789550197915,0.8333333333333334,0.604704503249768
51-9012,"Separating, Filtering, Clarifying, Precipitating, and Still Machine Setters, Operators, and Tenders",51,0.88,actual,High school diploma or equivalent,0.027308723280159874,0.19220055710306405,0.5416666666666666,3.1666666666666665,0.03466159166550664,-0.00033840833449336194,0.5140056022408963,0.6029576184234139
51-9021,"Crushing, Grinding, and Polishing Machine Setters, Operators, and Tenders",51,0.97,actual,High school diploma or equivalent,-0.028749486888284825,0.7729805013927576,0.5233333333333334,3.0933333333333337,0.04380146552955644,0.008801465529556435,0.21568627450980393,0.7057823747883555
51-9022,"Grinding and Polishing Workers, Hand",51,0.97,actual,No formal educational credential,-0.14029480851003173,0.9916434540389972,0.5733333333333334,3.2933333333333334,0.05044554597768358,0.015445545977683578,0.09663865546218486,0.7441578224604605
51-9023,"Mixing and Blending Machine Setters, Operators, and Tenders",51,0.83,actual,High school diploma or equivalent,-0.042454240630598106,0.8495821727019499,0.5175000000000001,3.0700000000000003,0.04084392001921877,0.005843920019218768,0.2997198879551821,0.6762494177336673
51-9031,"Cutters and Trimmers, Hand",51,0.64,actual,No formal educational credential,-0.07652167177734337,0.9456824512534819,0.4441666666666667,2.776666666666667,0.0380835211513777,0.003083521151377694,0.38235294117647056,0.6135310980938338
51-9032,"Cutting and Slicing Machine Setters, Operators, and Tenders",51,0.86,actual,High school diploma or equivalent,-0.04222948382439062,0.8481894150417827,0.5725000000000001,3.2900000000000005,0.04151527894530993,0.006515278945309927,0.2815126050420168,0.6989897737646591
51-9041,"Extruding, Forming, Pressing, and Compacting Machine Setters, Operators, and Tenders",51,0.93,actual,High school diploma or equivalent,-0.030253699232216658,0.7813370473537604,0.6575000000000001,3.6300000000000003,0.03638434139397173,0.0013843413939717275,0.44397759103641454,0.7592390481262143
51-9051,"Furnace, Kiln, Oven, Drier, and Kettle Operators and Tenders",51,0.37,actual,High school diploma or equivalent,-0.030441071040532952,0.7855153203342619,0.6383333333333333,3.5533333333333332,0.032906118864595824,-0.0020938811354041797,0.5840336134453781,0.5522914394169924
51-9061,"Inspectors, Testers, Sorters, Samplers, and Weighers",51,0.98,actual,High school diploma or equivalent,0.009913999354730585,0.37604456824512533,0.6866666666666666,3.7466666666666666,0.03500428273069378,4.282730693777603e-06,0.5,0.7138755803156916
51-9071,Jewelers and Precious Stone and Metal Workers,51,0.95,actual,High school diploma or equivalent,-0.020331038853376837,0.7103064066852367,0.4966666666666667,2.986666666666667,0.04161165557188484,0.006611655571884839,0.2759103641456583,0.6876145026255627
51-9071,Jewelers and Precious Stone and Metal Workers,51,0.95,actual,High school diploma or equivalent,-0.020331038853376837,0.7103064066852367,0.4058333333333334,2.6233333333333335,0.04161165557188484,0.006611655571884839,0.2759103641456583,0.6649061692922293
51-9081,Dental Laboratory Technicians,51,0.97,actual,High school diploma or equivalent,-0.000290275859822664,0.49582172701949856,0.6883333333333334,3.7533333333333334,0.03324976411831648,-0.0017502358816835206,0.5686274509803921,0.744541796384292
51-9082,Medical Appliance Technicians,51,0.45,actual,High school diploma or equivalent,-0.036843193748128056,0.8272980501392757,0.555,3.22,0.032405170339325995,-0.0025948296606740084,0.607843137254902,0.5753860806160904
51-9083,Ophthalmic Laboratory Technicians,51,0.97,actual,High school diploma or equivalent,-0.05613335513596862,0.903899721448468,0.4866666666666667,2.9466666666666668,0.03265610205946823,-0.002343897940531775,0.5952380952380952,0.7797323252420746
51-9111,Packaging and Filling Machine Operators and Tenders,51,0.98,actual,High school diploma or equivalent,-0.005985778452531898,0.5515320334261838,0.5933333333333333,3.373333333333333,0.04511851700220415,0.010118517002204147,0.19047619047619047,0.6792111685899987
51-9123,"Painting, Coating, and Decorating Workers",51,0.92,actual,No formal educational credential,-0.05951575523055164,0.9164345403899722,0.41000000000000003,2.64,0.04172336139720634,0.006723361397206334,0.2717086834733894,0.6945432105990028
51-9124,"Coating, Painting, and Spraying Machine Setters, Operators, and Tenders",51,0.88,imputed,,,0.5,0.5750000000000001,3.3000000000000003,,,0.5,0.67075
51-9141,Semiconductor Processing Technicians,51,0.88,actual,Associate's degree,0.02913922920422296,0.18105849582172706,0.5291666666666667,3.1166666666666667,0.060808873029521315,0.025808873029521312,0.023809523809523836,0.5240747944024406
51-9151,Photographic Process Workers and Processing Machine Operators,51,0.99,actual,High school diploma or equivalent,-0.16300908971900285,0.9972144846796658,0.43000000000000005,2.72,0.0403580369718739,0.005358036971873897,0.3123249299719888,0.7497916364317316
51-9161,Computer Numerically Controlled Tool Operators,51,0.88,imputed,,,0.5,0.5733333333333333,3.293333333333333,,,0.5,0.6703333333333333
51-9162,Computer Numerically Controlled Tool Programmers,51,0.88,imputed,,,0.5,0.6291666666666668,3.516666666666667,,,0.5,0.6842916666666666
51-9191,Adhesive Bonding Machine Operators and Tenders,51,0.95,actual,High school diploma or equivalent,-0.04869330280752504,0.8774373259052924,0.5175000000000001,3.0700000000000003,0.038969788815681694,0.003969788815681691,0.3487394957983193,0.7371733895508065
51-9192,"Cleaning, Washing, and Metal Pickling Equipment Operators and Tenders",51,0.81,actual,No formal educational credential,-0.025063584828523444,0.7409470752089137,0.6875,3.75,0.043565534505746406,0.008565534505746403,0.2226890756302521,0.6774677763863206
51-9193,Cooling and Freezing Equipment Operators and Tenders,51,0.93,actual,High school diploma or equivalent,-0.03446361632563788,0.8105849582172702,0.5749999999999998,3.2999999999999994,0.03840325342624418,0.003403253426244174,0.3697478991596639,0.7333291765174037
51-9194,Etchers and Engravers,51,0.98,actual,High school diploma or equivalent,-0.014757082450507997,0.6518105849582172,0.5858333333333334,3.3433333333333337,0.04277027488984464,0.007770274889844636,0.24369747899159666,0.7053750721737163
51-9195,"Molders, Shapers, and Casters, Except Metal and Plastic",51,0.9,actual,High school diploma or equivalent,-0.034705658614144874,0.8147632311977716,0.5066666666666667,3.026666666666667,0.04378396409209406,0.00878396409209406,0.21708683473389356,0.682182338116305
51-9195,"Molders, Shapers, and Casters, Except Metal and Plastic",51,0.9,actual,High school diploma or equivalent,-0.034705658614144874,0.8147632311977716,0.6283333333333333,3.513333333333333,0.04378396409209406,0.00878396409209406,0.21708683473389356,0.7125990047829717
51-9195,"Molders, Shapers, and Casters, Except Metal and Plastic",51,0.9,actual,High school diploma or equivalent,-0.034705658614144874,0.8147632311977716,0.4108333333333333,2.643333333333333,0.04378396409209406,0.00878396409209406,0.21708683473389356,0.6582240047829717
51-9195,"Molders, Shapers, and Casters, Except Metal and Plastic",51,0.9,actual,High school diploma or equivalent,-0.034705658614144874,0.8147632311977716,0.35,2.4,0.04378396409209406,0.00878396409209406,0.21708683473389356,0.6430156714496383
51-9196,"Paper Goods Machine Setters, Operators, and Tenders",51,0.67,actual,High school diploma or equivalent,-0.0026903445200850973,0.5125348189415042,0.5066666666666667,3.026666666666667,0.03938745165874047,0.0043874516587404655,0.3403361344537815,0.5482240506230348
51-9197,Tire Builders,51,0.94,actual,High school diploma or equivalent,-0.01997008713953763,0.7047353760445683,0.555,3.22,0.03303137014107116,-0.0019686298589288442,0.5756302521008403,0.7420416130240398
51-9198,Helpers--Production Workers,51,0.66,actual,No formal educational credential,-0.10146469643608835,0.9693593314763231,0.475,2.9,0.0491977018538885,0.014197701853888495,0.11764705882352944,0.5942689251187941
51-9199,"Production Workers, All Other",51,0.88,imputed,,0.01248583273086279,0.3495821727019499,0.5,,0.0366735424395539,0.0016735424395538934,0.42997198879551823,0.6114122328597178
53-1041,Aircraft Cargo Handling Supervisors,53,0.83,imputed,,,0.5,0.6141666666666667,3.456666666666667,,,0.5,0.6605416666666667
53-1047,"First-Line Supervisors of Transportation and Material Moving Workers, Except Aircraft Cargo Handling Supervisors",53,0.83,imputed,,,0.5,0.5,,,,0.5,0.632
53-2011,"Airline Pilots, Copilots, and Flight Engineers",53,0.18,actual,Bachelor's degree,0.03231643874950674,0.16016713091922008,0.7458333333333332,3.983333333333333,0.07896381265636143,0.04396381265636143,0.007002801120448154,0.29154217968524454
53-2012,Commercial Pilots,53,0.55,actual,High school diploma or equivalent,0.03330009199793005,0.15459610027855153,0.8883333333333334,4.553333333333334,0.0609723474511521,0.025972347451152095,0.021008403361344574,0.47615381389324535
53-2021,Air Traffic Controllers,53,0.11,actual,Associate's degree,0.0007638950919222065,0.48328690807799446,0.7083333333333334,3.8333333333333335,0.027892271020659498,-0.007107728979340505,0.7521008403361344,0.4305558409993524
53-2022,Airfield Operations Specialists,53,0.71,actual,High school diploma or equivalent,0.0621491130330285,0.03760445682451252,0.6974999999999999,3.7899999999999996,0.016410168574102046,-0.018589831425897957,0.9467787114845938,0.6079126980875915
53-2031,Flight Attendants,53,0.35,actual,High school diploma or equivalent,0.01481699006230719,0.3147632311977716,0.5325000000000001,3.1300000000000003,0.045723743558164553,0.01072374355816455,0.17507002801120453,0.362338150441235
53-3011,"Ambulance Drivers and Attendants, Except Emergency Medical Technicians",53,0.25,actual,High school diploma or equivalent,-0.02774956750020474,0.7576601671309192,0.6549999999999999,3.6199999999999997,0.03217752755735326,-0.002822472442646745,0.6148459383753502,0.5075089241824864
53-3031,Driver/Sales Workers,53,0.98,actual,High school diploma or equivalent,-0.0019674843730642655,0.5041782729805013,0.4983333333333334,2.9933333333333336,0.04660374905575382,0.011603749055753815,0.15266106442577032,0.6403181475932992
53-3032,Heavy and Tractor-Trailer Truck Drivers,53,0.79,actual,Postsecondary nondegree award,0.019578595613011673,0.2590529247910863,0.4833333333333334,2.9333333333333336,0.03936206855201618,0.0043620685520161795,0.34173669467787116,0.5399044224932313
53-3033,Light Truck Drivers,53,0.69,actual,High school diploma or equivalent,0.010288488550721064,0.371866295264624,0.6008333333333334,3.4033333333333338,0.0405672470312024,0.005567247031202399,0.30532212885154064,0.5463799117139891
53-3051,"Bus Drivers, School",53,0.83,imputed,,,0.5,0.5099999999999999,3.0399999999999996,,,0.5,0.6345
53-3052,"Bus Drivers, Transit and Intercity",53,0.83,imputed,,,0.5,0.5266666666666667,3.106666666666667,,,0.5,0.6386666666666666
53-3053,Shuttle Drivers and Chauffeurs,53,0.83,imputed,,,0.5,0.5208333333333334,3.0833333333333335,,,0.5,0.6372083333333333
53-3054,Taxi Drivers,53,0.83,imputed,,,0.5,0.5,,,,0.5,0.632
53-3099,"Motor Vehicle Operators, All Other",53,0.83,imputed,,-0.027072672564040334,0.7534818941504178,0.5,,0.025225344437300956,-0.009774655562699047,0.8235294117647058,0.7312257905947894
53-4011,Locomotive Engineers,53,0.96,actual,High school diploma or equivalent,-0.0057553203201982095,0.5459610027855153,0.6883333333333334,3.7533333333333334,0.03631320734502119,0.001313207345021189,0.44957983193277307,0.7327125086803524
53-4013,"Rail Yard Engineers, Dinkey Operators, and Hostlers",53,0.91,actual,High school diploma or equivalent,-0.05183925395454603,0.8885793871866295,0.6466666666666666,3.5866666666666664,0.03271478462339794,-0.002285215376602062,0.592436974789916,0.7922480903224801
53-4022,"Railroad Brake, Signal, and Switch Operators and Locomotive Firers",53,0.83,imputed,,,0.5,0.5191666666666667,3.0766666666666667,,,0.5,0.6367916666666666
53-4031,Railroad Conductors and Yardmasters,53,0.83,actual,High school diploma or equivalent,0.013223327328282464,0.3370473537604457,0.5491666666666667,3.1966666666666668,0.0260252865683388,-0.008974713431661202,0.8109243697478992,0.6583397928809407
53-4041,Subway and Streetcar Operators,53,0.86,actual,High school diploma or equivalent,0.020488532326314646,0.24094707520891367,0.5033333333333333,3.013333333333333,0.029476413773502186,-0.0055235862264978175,0.7044817927170868,0.6236950172826791
53-4099,"Rail Transportation Workers, All Other",53,0.83,imputed,,-0.12664945191820487,0.9860724233983287,0.5,,0.003982104464569147,-0.031017895535430856,0.9901960784313726,0.8027438964443717
53-5011,Sailors and Marine Oilers,53,0.83,actual,No formal educational credential,-0.002456622865063207,0.5083565459610028,0.6516666666666667,3.606666666666667,0.030089162967964045,-0.0049108370320359584,0.6848739495798319,0.699319068295842
53-5021,"Captains, Mates, and Pilots of Water Vessels",53,0.27,actual,Postsecondary nondegree award,0.0017961263934576088,0.4763231197771588,0.6025,3.41,0.033454906527021544,-0.0015450934729784593,0.5588235294117647,0.43771315336719646
53-5022,Motorboat Operators,53,0.62,actual,Postsecondary nondegree award,-0.00171626737824071,0.5027855153203342,0.5258333333333333,3.103333333333333,0.016007180269596466,-0.018992819730403537,0.9481792717086834,0.6222423271537028
53-5031,Ship Engineers,53,0.041,actual,Postsecondary nondegree award,-0.005652320019228996,0.5445682451253482,0.68,3.72,0.05725203559694414,0.022252035596944136,0.03081232492997199,0.2999354977645654
53-6011,Bridge and Lock Tenders,53,0.97,actual,High school diploma or equivalent,-0.005964153752941459,0.5501392757660167,0.5175000000000001,3.0700000000000003,0.0216518517497728,-0.013348148250227204,0.8907563025210083,0.7610163005313546
53-6021,Parking Attendants,53,0.87,actual,No formal educational credential,-0.008044286426165725,0.5696378830083566,0.4008333333333334,2.6033333333333335,0.048421508529187474,0.01342150852918747,0.13025210084033612,0.5816737250610552
53-6031,Automotive and Watercraft Service Attendants,53,0.83,actual,No formal educational credential,-0.01545365034229007,0.6629526462395543,0.5733333333333333,3.293333333333333,0.051146158772288564,0.01614615877228856,0.08683473389355745,0.6209490726652778
53-6032,Aircraft Service Attendants,53,0.83,imputed,,,0.5,0.5,,,,0.5,0.632
53-6041,Traffic Technicians,53,0.9,actual,High school diploma or equivalent,0.010812762830854528,0.36629526462395545,0.6908333333333333,3.763333333333333,0.029279691258629947,-0.005720308741370056,0.7170868347338936,0.7135304114682084
53-6051,Transportation Inspectors,53,0.9,actual,High school diploma or equivalent,-0.028471243737574148,0.7688022284122562,0.6958333333333333,3.783333333333333,0.023350738181090902,-0.011649261818909101,0.8725490196078431,0.818601131956961
53-6051,Transportation Inspectors,53,0.9,actual,High school diploma or equivalent,-0.028471243737574148,0.7688022284122562,0.7316666666666666,3.9266666666666663,0.023350738181090902,-0.011649261818909101,0.8725490196078431,0.8275594652902944
53-6051,Transportation Inspectors,53,0.9,actual,High school diploma or equivalent,-0.028471243737574148,0.7688022284122562,0.4258333333333333,2.703333333333333,0.023350738181090902,-0.011649261818909101,0.8725490196078431,0.751101131956961
53-6061,Passenger Attendants,53,0.75,actual,High school diploma or equivalent,0.009010937731860125,0.3857938718662952,0.26416666666666666,2.0566666666666666,0.03053281001106689,-0.004467189988933112,0.6666666666666667,0.5432004410399257
53-6099,"Transportation Workers, All Other",53,0.83,imputed,,-0.1355401723819344,0.9888579387186629,0.5,,0.024801736128054808,-0.010198263871945196,0.8403361344537815,0.7808220079117998
53-7011,Conveyor Operators and Tenders,53,0.93,actual,No formal educational credential,-0.0028334757835890567,0.5139275766016713,0.5066666666666667,3.026666666666667,0.036352698458423705,0.0013526984584237012,0.4453781512605042,0.6682589046760766
53-7021,Crane and Tower Operators,53,0.9,actual,High school diploma or equivalent,-0.004962783178328434,0.5376044568245125,0.5016666666666666,3.0066666666666664,0.031230937169764994,-0.0037690628302350093,0.6442577030812324,0.6895762134937541
53-7031,Dredge Operators,53,0.92,actual,High school diploma or equivalent,-0.01906346276853843,0.6963788300835654,0.43000000000000005,2.72,0.024109260465954963,-0.01089073953404504,0.8585434173669468,0.7435572786217551
53-7041,Hoist and Winch Operators,53,0.65,actual,No formal educational credential,-0.02835727347603967,0.7674094707520891,0.5391666666666667,3.1566666666666667,0.02647908004646582,-0.008520919953534184,0.7969187675070029,0.6678113759431349
53-7051,Industrial Truck and Tractor Operators,53,0.93,actual,No formal educational credential,0.03611173842561333,0.13370473537604455,0.5841666666666666,3.3366666666666664,0.041125387702408034,0.0061253877024080305,0.28851540616246496,0.5880599246662453
53-7061,Cleaners of Vehicles and Equipment,53,0.37,actual,No formal educational credential,0.0005947258561260771,0.48467966573816157,0.5124999999999998,3.0499999999999994,0.0465137688946311,0.011513768894631099,0.15406162464985995,0.39617017684511124
53-7062,"Laborers and Freight, Stock, and Material Movers, Hand",53,0.85,actual,No formal educational credential,0.0027958780391335036,0.4568245125348189,0.39083333333333325,2.563333333333333,0.04579006582179601,0.010790065821796008,0.17086834733893552,0.5547034879411376
53-7062,"Laborers and Freight, Stock, and Material Movers, Hand",53,0.85,actual,No formal educational credential,0.0027958780391335036,0.4568245125348189,0.47250000000000003,2.89,0.04579006582179601,0.010790065821796008,0.17086834733893552,0.5751201546078042
53-7063,Machine Feeders and Offbearers,53,0.93,actual,No formal educational credential,-0.062249534020926034,0.9233983286908078,0.40249999999999997,2.61,0.04674542139866733,0.011745421398667327,0.1512605042016807,0.6799937413684137
53-7064,"Packers and Packagers, Hand",53,0.38,actual,No formal educational credential,-0.02407986368526205,0.7325905292479109,0.515,3.06,0.05106682839968846,0.016066828399688454,0.08823529411764708,0.4405033999672293
53-7065,Stockers and Order Fillers,53,0.83,imputed,,,0.5,0.4674999999999999,2.8699999999999997,,,0.5,0.623875
53-7071,Gas Compressor and Gas Pumping Station Operators,53,0.91,actual,High school diploma or equivalent,0.0020517374255160092,0.46935933147632314,0.7550000000000001,4.0200000000000005,0.02468963228603327,-0.010310367713966734,0.8445378151260504,0.7733025385641723
53-7072,"Pump Operators, Except Wellhead Pumpers",53,0.9,actual,High school diploma or equivalent,-0.014332974943069066,0.6476323119777159,0.7341666666666667,3.936666666666667,0.04338887913297529,0.008388879132975285,0.2282913165266106,0.7073118265412015
53-7073,Wellhead Pumpers,53,0.84,actual,High school diploma or equivalent,0.04431928577200739,0.09470752089136492,0.7308333333333333,3.9233333333333333,0.03890832186358817,0.003908321863588166,0.35154061624649857,0.5903809299485812
53-7081,Refuse and Recyclable Material Collectors,53,0.93,actual,No formal educational credential,0.03148287887794354,0.16852367688022285,0.21916666666666673,1.876666666666667,0.03845044948813725,0.003450449488137247,0.3669467787114846,0.515538418849434
53-7121,"Tank Car, Truck, and Ship Loaders",53,0.72,actual,No formal educational credential,0.02502502143382701,0.2089136490250696,0.7808333333333335,4.123333333333334,0.05102308312383608,0.016023083123836074,0.09103641456582634,0.5386465253232212
53-7199,"Material Moving Workers, All Other",53,0.83,imputed,,-0.01980947250870102,0.7005571030640669,0.5,,0.03864761296463626,0.0036476129646362543,0.3613445378151261,0.6513131012850824
